,mean_fit_time,std_fit_time,mean_score_time,std_score_time,param_classifier,param_classifier__C,param_classifier__penalty,param_classifier__solver,params,split0_test_AUC,split1_test_AUC,split2_test_AUC,mean_test_AUC,std_test_AUC,rank_test_AUC,split0_test_Recall,split1_test_Recall,split2_test_Recall,mean_test_Recall,std_test_Recall,rank_test_Recall,split0_test_Precision,split1_test_Precision,split2_test_Precision,mean_test_Precision,std_test_Precision,rank_test_Precision
0,0.0995496114095052,0.0077343221371203395,0.012407700220743815,0.0018846922810730488,"LogisticRegression(C=0.18420699693267145, penalty='l1', solver='liblinear')",0.0001,l1,liblinear,"{'classifier': LogisticRegression(C=0.18420699693267145, penalty='l1', solver='liblinear'), 'classifier__C': 0.0001, 'classifier__penalty': 'l1', 'classifier__solver': 'liblinear'}",0.5,0.5,0.5,0.5,0.0,91,0.42045770406745114,0.42045770406745114,0.42055035671268415,0.42048858828252883,4.367687582608597e-05,96,0.42045770406745114,0.42045770406745114,0.42055035671268415,0.42048858828252883,4.367687582608597e-05,96
1,0.14379541079203287,0.009441032470324288,0.014311472574869791,0.0016797709245290689,"LogisticRegression(C=0.18420699693267145, penalty='l1', solver='liblinear')",0.0001,l2,liblinear,"{'classifier': LogisticRegression(C=0.18420699693267145, penalty='l1', solver='liblinear'), 'classifier__C': 0.0001, 'classifier__penalty': 'l2', 'classifier__solver': 'liblinear'}",0.5421783331378088,0.5338588186304196,0.5310721076823237,0.5357030864835174,0.004717912949775836,88,0.5795422959325489,0.5795422959325489,0.5794496432873159,0.5795114117174712,4.3676875826112135e-05,45,0.5795422959325489,0.5795422959325489,0.5794496432873159,0.5795114117174712,4.3676875826112135e-05,45
2,0.08713960647583008,0.009199166439591181,0.012482643127441406,0.0015108140832346087,"LogisticRegression(C=0.18420699693267145, penalty='l1', solver='liblinear')",0.00014563484775012445,l1,liblinear,"{'classifier': LogisticRegression(C=0.18420699693267145, penalty='l1', solver='liblinear'), 'classifier__C': 0.00014563484775012445, 'classifier__penalty': 'l1', 'classifier__solver': 'liblinear'}",0.5,0.5,0.5,0.5,0.0,91,0.42045770406745114,0.42045770406745114,0.42055035671268415,0.42048858828252883,4.367687582608597e-05,96,0.42045770406745114,0.42045770406745114,0.42055035671268415,0.42048858828252883,4.367687582608597e-05,96
3,0.12422339121500652,0.015267840037248676,0.015386343002319336,0.002571387965570184,"LogisticRegression(C=0.18420699693267145, penalty='l1', solver='liblinear')",0.00014563484775012445,l2,liblinear,"{'classifier': LogisticRegression(C=0.18420699693267145, penalty='l1', solver='liblinear'), 'classifier__C': 0.00014563484775012445, 'classifier__penalty': 'l2', 'classifier__solver': 'liblinear'}",0.5553874397176838,0.5466003574399185,0.5428346083225837,0.5482741351600621,0.005259565438372846,86,0.5795422959325489,0.5795422959325489,0.5794496432873159,0.5795114117174712,4.3676875826112135e-05,45,0.5795422959325489,0.5795422959325489,0.5794496432873159,0.5795114117174712,4.3676875826112135e-05,45
4,0.08755048116048177,0.004172215420930487,0.011754830678304037,0.00043961978174318606,"LogisticRegression(C=0.18420699693267145, penalty='l1', solver='liblinear')",0.00021209508879201905,l1,liblinear,"{'classifier': LogisticRegression(C=0.18420699693267145, penalty='l1', solver='liblinear'), 'classifier__C': 0.00021209508879201905, 'classifier__penalty': 'l1', 'classifier__solver': 'liblinear'}",0.5,0.5,0.5,0.5,0.0,91,0.42045770406745114,0.42045770406745114,0.42055035671268415,0.42048858828252883,4.367687582608597e-05,96,0.42045770406745114,0.42045770406745114,0.42055035671268415,0.42048858828252883,4.367687582608597e-05,96
5,0.13101863861083984,0.0026106999671099444,0.01647663116455078,0.001678022999685275,"LogisticRegression(C=0.18420699693267145, penalty='l1', solver='liblinear')",0.00021209508879201905,l2,liblinear,"{'classifier': LogisticRegression(C=0.18420699693267145, penalty='l1', solver='liblinear'), 'classifier__C': 0.00021209508879201905, 'classifier__penalty': 'l2', 'classifier__solver': 'liblinear'}",0.5698732684192003,0.5612801605344195,0.5570988962305367,0.5627507750613855,0.005317780020448264,82,0.5795422959325489,0.5795422959325489,0.5794496432873159,0.5795114117174712,4.3676875826112135e-05,45,0.5795422959325489,0.5795422959325489,0.5794496432873159,0.5795114117174712,4.3676875826112135e-05,45
6,0.07686161994934082,0.0018836403751071014,0.011797587076822916,0.0017153902277752568,"LogisticRegression(C=0.18420699693267145, penalty='l1', solver='liblinear')",0.00030888435964774815,l1,liblinear,"{'classifier': LogisticRegression(C=0.18420699693267145, penalty='l1', solver='liblinear'), 'classifier__C': 0.00030888435964774815, 'classifier__penalty': 'l1', 'classifier__solver': 'liblinear'}",0.5,0.5,0.5,0.5,0.0,91,0.42045770406745114,0.42045770406745114,0.42055035671268415,0.42048858828252883,4.367687582608597e-05,96,0.42045770406745114,0.42045770406745114,0.42055035671268415,0.42048858828252883,4.367687582608597e-05,96
7,0.1679062843322754,0.004030125112382816,0.014549970626831055,4.063900455943669e-05,"LogisticRegression(C=0.18420699693267145, penalty='l1', solver='liblinear')",0.00030888435964774815,l2,liblinear,"{'classifier': LogisticRegression(C=0.18420699693267145, penalty='l1', solver='liblinear'), 'classifier__C': 0.00030888435964774815, 'classifier__penalty': 'l2', 'classifier__solver': 'liblinear'}",0.5831293008783807,0.5758265842152193,0.5725045202178779,0.5771534684371593,0.004437864150299737,52,0.5795422959325489,0.5795422959325489,0.5794496432873159,0.5795114117174712,4.3676875826112135e-05,45,0.5795422959325489,0.5795422959325489,0.5794496432873159,0.5795114117174712,4.3676875826112135e-05,45
8,0.08132410049438477,0.002207591932649917,0.01306001345316569,0.0015797010817292935,"LogisticRegression(C=0.18420699693267145, penalty='l1', solver='liblinear')",0.0004498432668969444,l1,liblinear,"{'classifier': LogisticRegression(C=0.18420699693267145, penalty='l1', solver='liblinear'), 'classifier__C': 0.0004498432668969444, 'classifier__penalty': 'l1', 'classifier__solver': 'liblinear'}",0.5,0.5,0.5,0.5,0.0,91,0.42045770406745114,0.42045770406745114,0.42055035671268415,0.42048858828252883,4.367687582608597e-05,96,0.42045770406745114,0.42045770406745114,0.42055035671268415,0.42048858828252883,4.367687582608597e-05,96
9,0.14222184816996256,0.01308319661658117,0.014380216598510742,0.0016541350777367052,"LogisticRegression(C=0.18420699693267145, penalty='l1', solver='liblinear')",0.0004498432668969444,l2,liblinear,"{'classifier': LogisticRegression(C=0.18420699693267145, penalty='l1', solver='liblinear'), 'classifier__C': 0.0004498432668969444, 'classifier__penalty': 'l2', 'classifier__solver': 'liblinear'}",0.5933705921996647,0.5886240676916378,0.5871349628592846,0.5897098742501957,0.0026589471888459814,44,0.5795422959325489,0.5795422959325489,0.5794496432873159,0.5795114117174712,4.3676875826112135e-05,45,0.5795422959325489,0.5795422959325489,0.5794496432873159,0.5795114117174712,4.3676875826112135e-05,45
10,0.11281903584798177,0.014129206049265335,0.013051668802897135,0.003330236882348747,"LogisticRegression(C=0.18420699693267145, penalty='l1', solver='liblinear')",0.0006551285568595509,l1,liblinear,"{'classifier': LogisticRegression(C=0.18420699693267145, penalty='l1', solver='liblinear'), 'classifier__C': 0.0006551285568595509, 'classifier__penalty': 'l1', 'classifier__solver': 'liblinear'}",0.4986853884014868,0.4997536919781055,0.5,0.49947969345986404,0.000570588763024778,100,0.5797276012230149,0.5788010747706847,0.5794496432873159,0.5793261064270051,0.0003882085638832977,53,0.5797276012230149,0.5788010747706847,0.5794496432873159,0.5793261064270051,0.0003882085638832977,53
11,0.19885476430257162,0.017955198224903282,0.018695592880249023,0.0018879717505237313,"LogisticRegression(C=0.18420699693267145, penalty='l1', solver='liblinear')",0.0006551285568595509,l2,liblinear,"{'classifier': LogisticRegression(C=0.18420699693267145, penalty='l1', solver='liblinear'), 'classifier__C': 0.0006551285568595509, 'classifier__penalty': 'l2', 'classifier__solver': 'liblinear'}",0.6006461468110659,0.5989900719354001,0.5996944506738424,0.5997768898067695,0.0006785981414804941,38,0.5795422959325489,0.5795422959325489,0.5794496432873159,0.5795114117174712,4.3676875826112135e-05,45,0.5795422959325489,0.5795422959325489,0.5794496432873159,0.5795114117174712,4.3676875826112135e-05,45
12,0.16448203722635904,0.055819721239511136,0.012949148813883463,0.0028494691700863533,"LogisticRegression(C=0.18420699693267145, penalty='l1', solver='liblinear')",0.0009540954763499944,l1,liblinear,"{'classifier': LogisticRegression(C=0.18420699693267145, penalty='l1', solver='liblinear'), 'classifier__C': 0.0009540954763499944, 'classifier__penalty': 'l1', 'classifier__solver': 'liblinear'}",0.4986853884014868,0.4997536919781055,0.5008830655936931,0.49977404865776176,0.0008973134183368079,96,0.5797276012230149,0.5788010747706847,0.5794496432873159,0.5793261064270051,0.0003882085638832977,53,0.5797276012230149,0.5788010747706847,0.5794496432873159,0.5793261064270051,0.0003882085638832977,53
13,0.1873640219370524,0.010014960826470297,0.016106128692626953,0.0010758286604233202,"LogisticRegression(C=0.18420699693267145, penalty='l1', solver='liblinear')",0.0009540954763499944,l2,liblinear,"{'classifier': LogisticRegression(C=0.18420699693267145, penalty='l1', solver='liblinear'), 'classifier__C': 0.0009540954763499944, 'classifier__penalty': 'l2', 'classifier__solver': 'liblinear'}",0.6060631265811502,0.6071371021296669,0.6095177473726795,0.6075726586944988,0.0014435796581629375,35,0.5799129065134809,0.5796349485777819,0.5796349485777819,0.5797276012230149,0.0001310306274782841,44,0.5799129065134809,0.5796349485777819,0.5796349485777819,0.5797276012230149,0.0001310306274782841,44
14,0.17769360542297363,0.017696702772687374,0.012576738993326822,0.002131716984754423,"LogisticRegression(C=0.18420699693267145, penalty='l1', solver='liblinear')",0.0013894954943731374,l1,liblinear,"{'classifier': LogisticRegression(C=0.18420699693267145, penalty='l1', solver='liblinear'), 'classifier__C': 0.0013894954943731374, 'classifier__penalty': 'l1', 'classifier__solver': 'liblinear'}",0.4986853884014868,0.4997536919781055,0.5008830655936931,0.49977404865776176,0.0008973134183368079,96,0.5797276012230149,0.5788010747706847,0.5794496432873159,0.5793261064270051,0.0003882085638832977,53,0.5797276012230149,0.5788010747706847,0.5794496432873159,0.5793261064270051,0.0003882085638832977,53
15,0.20483668645222983,0.01042611221542791,0.014794031778971354,0.0002953903457986994,"LogisticRegression(C=0.18420699693267145, penalty='l1', solver='liblinear')",0.0013894954943731374,l2,liblinear,"{'classifier': LogisticRegression(C=0.18420699693267145, penalty='l1', solver='liblinear'), 'classifier__C': 0.0013894954943731374, 'classifier__penalty': 'l2', 'classifier__solver': 'liblinear'}",0.6107670584554833,0.6136843896412179,0.6171412270150187,0.61386422503724,0.0026053485734272765,31,0.5825071805800056,0.5810247382562772,0.5811173909015103,0.5815497699125977,0.0006780474505111599,40,0.5825071805800056,0.5810247382562772,0.5811173909015103,0.5815497699125977,0.0006780474505111599,40
16,0.2050483226776123,0.03811063002532161,0.013817946116129557,0.0020435384078964784,"LogisticRegression(C=0.18420699693267145, penalty='l1', solver='liblinear')",0.0020235896477251557,l1,liblinear,"{'classifier': LogisticRegression(C=0.18420699693267145, penalty='l1', solver='liblinear'), 'classifier__C': 0.0020235896477251557, 'classifier__penalty': 'l1', 'classifier__solver': 'liblinear'}",0.4986853884014868,0.4997536919781055,0.5008830655936931,0.49977404865776176,0.0008973134183368079,96,0.5797276012230149,0.5788010747706847,0.5794496432873159,0.5793261064270051,0.0003882085638832977,53,0.5797276012230149,0.5788010747706847,0.5794496432873159,0.5793261064270051,0.0003882085638832977,53
17,0.22434624036153158,0.020474377774157077,0.016794284184773762,0.0009044698100847652,"LogisticRegression(C=0.18420699693267145, penalty='l1', solver='liblinear')",0.0020235896477251557,l2,liblinear,"{'classifier': LogisticRegression(C=0.18420699693267145, penalty='l1', solver='liblinear'), 'classifier__C': 0.0020235896477251557, 'classifier__penalty': 'l2', 'classifier__solver': 'liblinear'}",0.6153405349761619,0.619278750644262,0.623412075976156,0.61934378719886,0.003295513702365872,28,0.5866765496154915,0.584730844065598,0.5833410543871027,0.5849161493560641,0.001367999912928163,38,0.5866765496154915,0.584730844065598,0.5833410543871027,0.5849161493560641,0.001367999912928163,38
18,0.24841698010762533,0.026308976092133757,0.01376779874165853,0.0021712242333690227,"LogisticRegression(C=0.18420699693267145, penalty='l1', solver='liblinear')",0.0029470517025518097,l1,liblinear,"{'classifier': LogisticRegression(C=0.18420699693267145, penalty='l1', solver='liblinear'), 'classifier__C': 0.0029470517025518097, 'classifier__penalty': 'l1', 'classifier__solver': 'liblinear'}",0.4986853884014868,0.4997536919781055,0.5008049485914386,0.49974800965701033,0.000865316152739161,99,0.5797276012230149,0.5788010747706847,0.5794496432873159,0.5793261064270051,0.0003882085638832977,53,0.5797276012230149,0.5788010747706847,0.5794496432873159,0.5793261064270051,0.0003882085638832977,53
19,0.2618454297383626,0.013763766352122503,0.01758408546447754,0.0027131815226742535,"LogisticRegression(C=0.18420699693267145, penalty='l1', solver='liblinear')",0.0029470517025518097,l2,liblinear,"{'classifier': LogisticRegression(C=0.18420699693267145, penalty='l1', solver='liblinear'), 'classifier__C': 0.0029470517025518097, 'classifier__penalty': 'l2', 'classifier__solver': 'liblinear'}",0.6199290545527439,0.6243776067731095,0.628945894984117,0.6244175187699902,0.0036812178751813728,25,0.5892708236820161,0.5905679607152784,0.5860279810988603,0.5886222551653849,0.001909334014771768,34,0.5892708236820161,0.5905679607152784,0.5860279810988603,0.5886222551653849,0.001909334014771768,34
20,0.32098182042439777,0.1540071720637047,0.01411890983581543,0.0017390288095876945,"LogisticRegression(C=0.18420699693267145, penalty='l1', solver='liblinear')",0.004291934260128779,l1,liblinear,"{'classifier': LogisticRegression(C=0.18420699693267145, penalty='l1', solver='liblinear'), 'classifier__C': 0.004291934260128779, 'classifier__penalty': 'l1', 'classifier__solver': 'liblinear'}",0.5191320015825155,0.4997536919781055,0.5051121104920698,0.5079992680175636,0.008170331682938937,90,0.5797276012230149,0.5788010747706847,0.5794496432873159,0.5793261064270051,0.0003882085638832977,53,0.5797276012230149,0.5788010747706847,0.5794496432873159,0.5793261064270051,0.0003882085638832977,53
21,0.24913954734802246,0.01122387019463469,0.01563874880472819,0.0011156700427517915,"LogisticRegression(C=0.18420699693267145, penalty='l1', solver='liblinear')",0.004291934260128779,l2,liblinear,"{'classifier': LogisticRegression(C=0.18420699693267145, penalty='l1', solver='liblinear'), 'classifier__C': 0.004291934260128779, 'classifier__penalty': 'l2', 'classifier__solver': 'liblinear'}",0.6245903233341049,0.6291996636274058,0.6339956175569116,0.6292618681728074,0.0038399472139159763,22,0.592976929491337,0.5950152876864635,0.5911238765866765,0.5930386979214924,0.0015892622169021698,31,0.592976929491337,0.5950152876864635,0.5911238765866765,0.5930386979214924,0.0015892622169021698,31
22,0.40872836112976074,0.205162122163223,0.01408712069193522,0.0011041430191181154,"LogisticRegression(C=0.18420699693267145, penalty='l1', solver='liblinear')",0.0062505519252739694,l1,liblinear,"{'classifier': LogisticRegression(C=0.18420699693267145, penalty='l1', solver='liblinear'), 'classifier__C': 0.0062505519252739694, 'classifier__penalty': 'l1', 'classifier__solver': 'liblinear'}",0.5287598568126547,0.5289731898923348,0.5311029669806211,0.5296120045618702,0.0010578608765860515,89,0.5795422959325489,0.5793569906420828,0.5794496432873159,0.5794496432873159,7.565056804670311e-05,52,0.5795422959325489,0.5793569906420828,0.5794496432873159,0.5794496432873159,7.565056804670311e-05,52
23,0.2952280044555664,0.012451777531905775,0.018802722295125324,0.003031247784738566,"LogisticRegression(C=0.18420699693267145, penalty='l1', solver='liblinear')",0.0062505519252739694,l2,liblinear,"{'classifier': LogisticRegression(C=0.18420699693267145, penalty='l1', solver='liblinear'), 'classifier__C': 0.0062505519252739694, 'classifier__penalty': 'l2', 'classifier__solver': 'liblinear'}",0.628992231512278,0.633672594758041,0.6385233388943481,0.6337293883882223,0.003891265528458968,20,0.597516909107755,0.5987213934957843,0.5987213934957843,0.5983198986997745,0.0005677993857392484,26,0.597516909107755,0.5987213934957843,0.5987213934957843,0.5983198986997745,0.0005677993857392484,26
24,0.3332483768463135,0.049198604450076684,0.0119169553120931,0.0011380123186344037,"LogisticRegression(C=0.18420699693267145, penalty='l1', solver='liblinear')",0.009102981779915217,l1,liblinear,"{'classifier': LogisticRegression(C=0.18420699693267145, penalty='l1', solver='liblinear'), 'classifier__C': 0.009102981779915217, 'classifier__penalty': 'l1', 'classifier__solver': 'liblinear'}",0.5387514404518694,0.5438022961974185,0.5392234010990843,0.5405923792494574,0.0022779174440316877,87,0.5795422959325489,0.5795422959325489,0.5794496432873159,0.5795114117174712,4.3676875826112135e-05,45,0.5795422959325489,0.5795422959325489,0.5794496432873159,0.5795114117174712,4.3676875826112135e-05,45
25,0.3328845500946045,0.007136632049114804,0.01507242520650228,0.00060805969326927,"LogisticRegression(C=0.18420699693267145, penalty='l1', solver='liblinear')",0.009102981779915217,l2,liblinear,"{'classifier': LogisticRegression(C=0.18420699693267145, penalty='l1', solver='liblinear'), 'classifier__C': 0.009102981779915217, 'classifier__penalty': 'l2', 'classifier__solver': 'liblinear'}",0.632918152036326,0.637635189336411,0.6424938667144633,0.6376824026957334,0.0039094116970244674,15,0.606318910404892,0.606226257759659,0.6070601315667562,0.6065350999104359,0.00037317539064191465,21,0.606318910404892,0.606226257759659,0.6070601315667562,0.6065350999104359,0.00037317539064191465,21
26,0.48952945073445636,0.3264257458640096,0.015363057454427084,0.0014496896617775686,"LogisticRegression(C=0.18420699693267145, penalty='l1', solver='liblinear')",0.013257113655901081,l1,liblinear,"{'classifier': LogisticRegression(C=0.18420699693267145, penalty='l1', solver='liblinear'), 'classifier__C': 0.013257113655901081, 'classifier__penalty': 'l1', 'classifier__solver': 'liblinear'}",0.5611189497058149,0.5607553974449353,0.5683336535513944,0.5634026669007149,0.003489891552611403,77,0.5789863800611508,0.58019086444918,0.5813026961919763,0.5801599802341023,0.0009458842355300244,43,0.5789863800611508,0.58019086444918,0.5813026961919763,0.5801599802341023,0.0009458842355300244,43
27,0.3611880938212077,0.01338240661010612,0.014551321665445963,0.0011798558041800022,"LogisticRegression(C=0.18420699693267145, penalty='l1', solver='liblinear')",0.013257113655901081,l2,liblinear,"{'classifier': LogisticRegression(C=0.18420699693267145, penalty='l1', solver='liblinear'), 'classifier__C': 0.013257113655901081, 'classifier__penalty': 'l2', 'classifier__solver': 'liblinear'}",0.6361643871328675,0.6408905136798451,0.6456661391699399,0.6409070133275508,0.003879091570826265,13,0.6116001111831743,0.6132678587973687,0.6151209117020291,0.613329627227524,0.0014380242412456096,16,0.6116001111831743,0.6132678587973687,0.6151209117020291,0.613329627227524,0.0014380242412456096,16
28,0.4136715730031331,0.14281803889084663,0.012238343556722006,0.0005986938281958372,"LogisticRegression(C=0.18420699693267145, penalty='l1', solver='liblinear')",0.019306977288832496,l1,liblinear,"{'classifier': LogisticRegression(C=0.18420699693267145, penalty='l1', solver='liblinear'), 'classifier__C': 0.019306977288832496, 'classifier__penalty': 'l1', 'classifier__solver': 'liblinear'}",0.5904132049142529,0.5959859349188784,0.5971025514369195,0.5945005637566836,0.0029259283247302327,42,0.5871398128416566,0.5860279810988603,0.5827851385157046,0.5853176441520739,0.0018473821215897104,37,0.5871398128416566,0.5860279810988603,0.5827851385157046,0.5853176441520739,0.0018473821215897104,37
29,0.41083407402038574,0.011748521330399084,0.017510652542114258,0.002249552865030635,"LogisticRegression(C=0.18420699693267145, penalty='l1', solver='liblinear')",0.019306977288832496,l2,liblinear,"{'classifier': LogisticRegression(C=0.18420699693267145, penalty='l1', solver='liblinear'), 'classifier__C': 0.019306977288832496, 'classifier__penalty': 'l2', 'classifier__solver': 'liblinear'}",0.6385065944599984,0.6433410521472641,0.6479054814920654,0.643251042699776,0.0038376073827205864,10,0.614564995830631,0.6199388492541462,0.6182711016399518,0.617591648908243,0.0022458579897708876,13,0.614564995830631,0.6199388492541462,0.6182711016399518,0.617591648908243,0.0022458579897708876,13
30,0.28257377942403156,0.07017067763066573,0.015296459197998047,0.0008369458198031062,"LogisticRegression(C=0.18420699693267145, penalty='l1', solver='liblinear')",0.02811768697974228,l1,liblinear,"{'classifier': LogisticRegression(C=0.18420699693267145, penalty='l1', solver='liblinear'), 'classifier__C': 0.02811768697974228, 'classifier__penalty': 'l1', 'classifier__solver': 'liblinear'}",0.6174808588563262,0.621290803408397,0.619370318131888,0.6193806601322037,0.0015554205412452442,27,0.5959418141387937,0.5969609932363569,0.5986287408505513,0.5971771827419006,0.001107533961953192,27,0.5959418141387937,0.5969609932363569,0.5986287408505513,0.5971771827419006,0.001107533961953192,27
31,0.46371086438496906,0.02126052076496896,0.01611979802449544,0.0007393555891617997,"LogisticRegression(C=0.18420699693267145, penalty='l1', solver='liblinear')",0.02811768697974228,l2,liblinear,"{'classifier': LogisticRegression(C=0.18420699693267145, penalty='l1', solver='liblinear'), 'classifier__C': 0.02811768697974228, 'classifier__penalty': 'l2', 'classifier__solver': 'liblinear'}",0.6398785422961762,0.6449012671748895,0.6491585240039898,0.6446461111583518,0.003792830391578293,7,0.6177151857685537,0.6229037339016029,0.6188270175113499,0.6198153123938355,0.002230516085767685,9,0.6177151857685537,0.6229037339016029,0.6188270175113499,0.6198153123938355,0.002230516085767685,9
32,0.5109682083129883,0.1643374289510284,0.019043684005737305,0.001652232060448558,"LogisticRegression(C=0.18420699693267145, penalty='l1', solver='liblinear')",0.040949150623804234,l1,liblinear,"{'classifier': LogisticRegression(C=0.18420699693267145, penalty='l1', solver='liblinear'), 'classifier__C': 0.040949150623804234, 'classifier__penalty': 'l1', 'classifier__solver': 'liblinear'}",0.6310919003889,0.6393706542038295,0.6372463240622279,0.6359029595516524,0.0035107370867343553,17,0.601408320207542,0.6070601315667562,0.6044658575002316,0.6043114364248433,0.002309924574732372,22,0.601408320207542,0.6070601315667562,0.6044658575002316,0.6043114364248433,0.002309924574732372,22
33,0.5273894468943278,0.016005545790416742,0.015444517135620117,0.0008124275554572617,"LogisticRegression(C=0.18420699693267145, penalty='l1', solver='liblinear')",0.040949150623804234,l2,liblinear,"{'classifier': LogisticRegression(C=0.18420699693267145, penalty='l1', solver='liblinear'), 'classifier__C': 0.040949150623804234, 'classifier__penalty': 'l2', 'classifier__solver': 'liblinear'}",0.6402696617496659,0.6455694677400433,0.6492708293041869,0.6450366529312987,0.003693974648122117,6,0.6209580283517094,0.6245714815157972,0.6205874177707773,0.622038975879428,0.0017971322803021798,6,0.6209580283517094,0.6245714815157972,0.6205874177707773,0.622038975879428,0.0017971322803021798,6
34,0.4253240426381429,0.11939922158382399,0.018807649612426758,0.0018815165579770907,"LogisticRegression(C=0.18420699693267145, penalty='l1', solver='liblinear')",0.05963623316594643,l1,liblinear,"{'classifier': LogisticRegression(C=0.18420699693267145, penalty='l1', solver='liblinear'), 'classifier__C': 0.05963623316594643, 'classifier__penalty': 'l1', 'classifier__solver': 'liblinear'}",0.6381475163632866,0.6473035938811753,0.6479860996474924,0.6444790699639847,0.004485746446924944,8,0.6116927638284073,0.6217919021588066,0.6169739646066895,0.6168195435313012,0.004124401625733386,14,0.6116927638284073,0.6217919021588066,0.6169739646066895,0.6168195435313012,0.004124401625733386,14
35,0.5647196769714355,0.028100230498243565,0.016792774200439453,0.0008574479052207553,"LogisticRegression(C=0.18420699693267145, penalty='l1', solver='liblinear')",0.05963623316594643,l2,liblinear,"{'classifier': LogisticRegression(C=0.18420699693267145, penalty='l1', solver='liblinear'), 'classifier__C': 0.05963623316594643, 'classifier__penalty': 'l2', 'classifier__solver': 'liblinear'}",0.6395995235543606,0.6453542498746705,0.6482947102442231,0.644416161224418,0.003611239457553796,9,0.6212359862874085,0.6228110812563699,0.6210506809969425,0.6216992495135736,0.0007898151179804319,7,0.6212359862874085,0.6228110812563699,0.6210506809969425,0.6216992495135736,0.0007898151179804319,7
36,0.5843337376912435,0.15759144910450004,0.018487850824991863,0.0006409141184776802,"LogisticRegression(C=0.18420699693267145, penalty='l1', solver='liblinear')",0.08685113737513521,l1,liblinear,"{'classifier': LogisticRegression(C=0.18420699693267145, penalty='l1', solver='liblinear'), 'classifier__C': 0.08685113737513521, 'classifier__penalty': 'l1', 'classifier__solver': 'liblinear'}",0.6451818360208263,0.6529696648146446,0.6540473625410251,0.6507329544588321,0.003949813922362787,4,0.6199388492541462,0.6296673770036134,0.6271657555823219,0.6255906606133604,0.004124864132224958,4,0.6199388492541462,0.6296673770036134,0.6271657555823219,0.6255906606133604,0.004124864132224958,4
37,0.7114516894022623,0.05519826832361076,0.016253153483072918,0.00040724239894706976,"LogisticRegression(C=0.18420699693267145, penalty='l1', solver='liblinear')",0.08685113737513521,l2,liblinear,"{'classifier': LogisticRegression(C=0.18420699693267145, penalty='l1', solver='liblinear'), 'classifier__C': 0.08685113737513521, 'classifier__penalty': 'l2', 'classifier__solver': 'liblinear'}",0.6380178184468732,0.6442334893654049,0.6462868478868391,0.6428460518997058,0.003515484699694095,12,0.6224404706754377,0.6215139442231076,0.6207727230612434,0.621575712653263,0.0006822546105306967,8,0.6224404706754377,0.6215139442231076,0.6207727230612434,0.621575712653263,0.0006822546105306967,8
38,0.7197253704071045,0.15645811819929684,0.017908255259195965,0.0012772865945744833,"LogisticRegression(C=0.18420699693267145, penalty='l1', solver='liblinear')",0.12648552168552957,l1,liblinear,"{'classifier': LogisticRegression(C=0.18420699693267145, penalty='l1', solver='liblinear'), 'classifier__C': 0.12648552168552957, 'classifier__penalty': 'l1', 'classifier__solver': 'liblinear'}",0.6501229690553418,0.6560765314588347,0.6587146904984995,0.6549713970042254,0.003593550793785759,2,0.6240155656443992,0.6302232928750116,0.6310571666821088,0.6284320084005065,0.0031413968596809747,2,0.6240155656443992,0.6302232928750116,0.6310571666821088,0.6284320084005065,0.0031413968596809747,2
39,0.761630137761434,0.028576008498431657,0.0164641539255778,0.0008888882080139633,"LogisticRegression(C=0.18420699693267145, penalty='l1', solver='liblinear')",0.12648552168552957,l2,liblinear,"{'classifier': LogisticRegression(C=0.18420699693267145, penalty='l1', solver='liblinear'), 'classifier__C': 0.12648552168552957, 'classifier__penalty': 'l2', 'classifier__solver': 'liblinear'}",0.6356961852289874,0.6424553437901949,0.6433622248229518,0.6405045846140447,0.0034201497809850387,14,0.618919670156583,0.619290280737515,0.6198461966089132,0.6193520491676704,0.00038076617579101466,10,0.618919670156583,0.619290280737515,0.6198461966089132,0.6193520491676704,0.00038076617579101466,10
40,0.9582873185475668,0.1883542588583902,0.019129832585652668,0.0008705121131894649,"LogisticRegression(C=0.18420699693267145, penalty='l1', solver='liblinear')",0.18420699693267145,l1,liblinear,"{'classifier': LogisticRegression(C=0.18420699693267145, penalty='l1', solver='liblinear'), 'classifier__C': 0.18420699693267145, 'classifier__penalty': 'l1', 'classifier__solver': 'liblinear'}",0.6515818636408635,0.6564770219963298,0.6610053945294355,0.6563547600555429,0.00384811162247941,1,0.6261465764847587,0.6295747243583805,0.6303159455202446,0.628679082121128,0.0018161389083034124,1,0.6261465764847587,0.6295747243583805,0.6303159455202446,0.628679082121128,0.0018161389083034124,1
41,0.8459063371022543,0.03730705018667786,0.016805410385131836,0.0006996075691013862,"LogisticRegression(C=0.18420699693267145, penalty='l1', solver='liblinear')",0.18420699693267145,l2,liblinear,"{'classifier': LogisticRegression(C=0.18420699693267145, penalty='l1', solver='liblinear'), 'classifier__C': 0.18420699693267145, 'classifier__penalty': 'l2', 'classifier__solver': 'liblinear'}",0.632698988451372,0.6399748601295252,0.6397436198224633,0.6374724894677869,0.0033766948322472403,16,0.6157694802186603,0.6186417122208839,0.6193829333827481,0.6179313752740975,0.0015583527362231962,12,0.6157694802186603,0.6186417122208839,0.6193829333827481,0.6179313752740975,0.0015583527362231962,12
42,1.6881144046783447,0.8113359912917467,0.017220099767049152,0.0016185286633638035,"LogisticRegression(C=0.18420699693267145, penalty='l1', solver='liblinear')",0.2682695795279725,l1,liblinear,"{'classifier': LogisticRegression(C=0.18420699693267145, penalty='l1', solver='liblinear'), 'classifier__C': 0.2682695795279725, 'classifier__penalty': 'l1', 'classifier__solver': 'liblinear'}",0.6502138967539058,0.6543172689701919,0.6600264924962234,0.6548525527401071,0.004023817038276623,3,0.6260539238395256,0.6295747243583805,0.6293894190679143,0.6283393557552736,0.0016178141207213016,3,0.6260539238395256,0.6295747243583805,0.6293894190679143,0.6283393557552736,0.0016178141207213016,3
43,0.9897390206654867,0.04373072176222952,0.01644746462504069,0.0005331519348305434,"LogisticRegression(C=0.18420699693267145, penalty='l1', solver='liblinear')",0.2682695795279725,l2,liblinear,"{'classifier': LogisticRegression(C=0.18420699693267145, penalty='l1', solver='liblinear'), 'classifier__C': 0.2682695795279725, 'classifier__penalty': 'l2', 'classifier__solver': 'liblinear'}",0.6293324793668811,0.6370403368799011,0.6355362926836761,0.6339697029768194,0.0033360075282166056,19,0.6119707217641064,0.6179004910590198,0.615028259056796,0.6149664906266407,0.002421212158809072,15,0.6119707217641064,0.6179004910590198,0.615028259056796,0.6149664906266407,0.002421212158809072,15
44,1.6917850176493328,0.5366525056025527,0.01894998550415039,0.0007191321182523928,"LogisticRegression(C=0.18420699693267145, penalty='l1', solver='liblinear')",0.3906939937054613,l1,liblinear,"{'classifier': LogisticRegression(C=0.18420699693267145, penalty='l1', solver='liblinear'), 'classifier__C': 0.3906939937054613, 'classifier__penalty': 'l1', 'classifier__solver': 'liblinear'}",0.645885442373294,0.650776020875675,0.6536069129900948,0.6500894587463546,0.0031894412038884355,5,0.6244788288705643,0.6264245344204578,0.6243861762253312,0.6250965131721178,0.0009398143274778936,5,0.6244788288705643,0.6264245344204578,0.6243861762253312,0.6250965131721178,0.0009398143274778936,5
45,1.1174670060475667,0.02033013130835252,0.01656365394592285,0.0002690390717976866,"LogisticRegression(C=0.18420699693267145, penalty='l1', solver='liblinear')",0.3906939937054613,l2,liblinear,"{'classifier': LogisticRegression(C=0.18420699693267145, penalty='l1', solver='liblinear'), 'classifier__C': 0.3906939937054613, 'classifier__penalty': 'l2', 'classifier__solver': 'liblinear'}",0.6255977148646883,0.6337207184450764,0.6309744711170706,0.6300976348089451,0.003373665486794723,21,0.6078940053738534,0.614657648475864,0.6119707217641064,0.6115074585379413,0.002780608640253857,18,0.6078940053738534,0.614657648475864,0.6119707217641064,0.6115074585379413,0.002780608640253857,18
46,3.813328822453817,2.1822103092045775,0.020023028055826824,0.0013083191281208276,"LogisticRegression(C=0.18420699693267145, penalty='l1', solver='liblinear')",0.5689866029018293,l1,liblinear,"{'classifier': LogisticRegression(C=0.18420699693267145, penalty='l1', solver='liblinear'), 'classifier__C': 0.5689866029018293, 'classifier__penalty': 'l1', 'classifier__solver': 'liblinear'}",0.6395019374540033,0.6448717799669477,0.6446298515237976,0.6430011896482496,0.0024763153786898783,11,0.6205874177707773,0.6181784489947189,0.6162327434448254,0.6183328700701072,0.001781138497828341,11,0.6205874177707773,0.6181784489947189,0.6162327434448254,0.6183328700701072,0.001781138497828341,11
47,1.3711340427398682,0.06255435621770715,0.01807864507039388,0.0009581147437337151,"LogisticRegression(C=0.18420699693267145, penalty='l1', solver='liblinear')",0.5689866029018293,l2,liblinear,"{'classifier': LogisticRegression(C=0.18420699693267145, penalty='l1', solver='liblinear'), 'classifier__C': 0.5689866029018293, 'classifier__penalty': 'l2', 'classifier__solver': 'liblinear'}",0.6216251502984479,0.6300427088915029,0.6261812048132332,0.6259496880010613,0.0034403510666420243,24,0.6041878995645326,0.6124339849902715,0.6091911424071157,0.6086043423206399,0.003391924917433745,19,0.6041878995645326,0.6124339849902715,0.6091911424071157,0.6086043423206399,0.003391924917433745,19
48,5.54952875773112,4.708309724241686,0.020499229431152344,0.00014215186697328643,"LogisticRegression(C=0.18420699693267145, penalty='l1', solver='liblinear')",0.8286427728546842,l1,liblinear,"{'classifier': LogisticRegression(C=0.18420699693267145, penalty='l1', solver='liblinear'), 'classifier__C': 0.8286427728546842, 'classifier__penalty': 'l1', 'classifier__solver': 'liblinear'}",0.6318726772658559,0.638081584093677,0.6362246029912524,0.6353929547835951,0.0026020965976324274,18,0.610580932085611,0.6129899008616696,0.6126192902807375,0.6120633744093393,0.0010591079526533968,17,0.610580932085611,0.6129899008616696,0.6126192902807375,0.6120633744093393,0.0010591079526533968,17
49,1.6923908392588298,0.08256361185105644,0.01790507634480794,0.0003025722668818298,"LogisticRegression(C=0.18420699693267145, penalty='l1', solver='liblinear')",0.8286427728546842,l2,liblinear,"{'classifier': LogisticRegression(C=0.18420699693267145, penalty='l1', solver='liblinear'), 'classifier__C': 0.8286427728546842, 'classifier__penalty': 'l2', 'classifier__solver': 'liblinear'}",0.6174549826863939,0.6261068536092237,0.6212679888396432,0.6216099417117537,0.003540378175787199,26,0.5989066987862504,0.6087278791809506,0.6027981098860372,0.603477562617746,0.0040381627916071874,23,0.5989066987862504,0.6087278791809506,0.6027981098860372,0.603477562617746,0.0040381627916071874,23
50,5.566921313603719,2.897274005101741,0.020275354385375977,0.00028671516896468507,"LogisticRegression(C=0.18420699693267145, penalty='l1', solver='liblinear')",1.2067926406393288,l1,liblinear,"{'classifier': LogisticRegression(C=0.18420699693267145, penalty='l1', solver='liblinear'), 'classifier__C': 1.2067926406393288, 'classifier__penalty': 'l1', 'classifier__solver': 'liblinear'}",0.6239258218810585,0.6301463897194276,0.6282995054128125,0.6274572390044328,0.0026084383048038027,23,0.6057629945334939,0.6100250162142129,0.6099323635689798,0.6085734581055622,0.0019876577917420576,20,0.6057629945334939,0.6100250162142129,0.6099323635689798,0.6085734581055622,0.0019876577917420576,20
51,1.9309765497843425,0.16775901408737526,0.019640525182088215,0.0007965820395870224,"LogisticRegression(C=0.18420699693267145, penalty='l1', solver='liblinear')",1.2067926406393288,l2,liblinear,"{'classifier': LogisticRegression(C=0.18420699693267145, penalty='l1', solver='liblinear'), 'classifier__C': 1.2067926406393288, 'classifier__penalty': 'l2', 'classifier__solver': 'liblinear'}",0.6131361459972613,0.622038182587469,0.6162804075935574,0.6171515787260958,0.003686079056845777,30,0.5964977300101918,0.606318910404892,0.5984434355600853,0.6004200253250565,0.004246102244847821,25,0.5964977300101918,0.606318910404892,0.5984434355600853,0.6004200253250565,0.004246102244847821,25
52,11.089258352915445,3.1625288454187723,0.02265008290608724,0.0012182956466472085,"LogisticRegression(C=0.18420699693267145, penalty='l1', solver='liblinear')",1.7575106248547894,l1,liblinear,"{'classifier': LogisticRegression(C=0.18420699693267145, penalty='l1', solver='liblinear'), 'classifier__C': 1.7575106248547894, 'classifier__penalty': 'l1', 'classifier__solver': 'liblinear'}",0.6150818789657564,0.6213703695483455,0.6195920400765056,0.6186814295302024,0.00264678259113547,29,0.6002038358195126,0.6057629945334939,0.6001111831742796,0.6020260045090954,0.0026427216980489123,24,0.6002038358195126,0.6057629945334939,0.6001111831742796,0.6020260045090954,0.0026427216980489123,24
53,2.169517437616984,0.19386281982811887,0.01917425791422526,0.00012429169065910159,"LogisticRegression(C=0.18420699693267145, penalty='l1', solver='liblinear')",1.7575106248547894,l2,liblinear,"{'classifier': LogisticRegression(C=0.18420699693267145, penalty='l1', solver='liblinear'), 'classifier__C': 1.7575106248547894, 'classifier__penalty': 'l2', 'classifier__solver': 'liblinear'}",0.6087536493502421,0.6179144124101336,0.6112952922731346,0.6126544513445035,0.003861379718514356,32,0.5915871398128416,0.6023348466598721,0.5966830353006578,0.5968683405911238,0.004389688990914409,28,0.5915871398128416,0.6023348466598721,0.5966830353006578,0.5968683405911238,0.004389688990914409,28
54,11.464679956436157,2.3880390204477457,0.021746714909871418,0.0007557970324430524,"LogisticRegression(C=0.18420699693267145, penalty='l1', solver='liblinear')",2.559547922699533,l1,liblinear,"{'classifier': LogisticRegression(C=0.18420699693267145, penalty='l1', solver='liblinear'), 'classifier__C': 2.559547922699533, 'classifier__penalty': 'l1', 'classifier__solver': 'liblinear'}",0.6061011745913978,0.6141087306443959,0.6102635842032238,0.6101578298130058,0.0032699262457293356,33,0.5933475400722691,0.6002038358195126,0.5956638562030946,0.5964050773649587,0.0028477189060151275,29,0.5933475400722691,0.6002038358195126,0.5956638562030946,0.5964050773649587,0.0028477189060151275,29
55,2.4713982741038003,0.18357435582050424,0.01944144566853841,0.0008563100212375733,"LogisticRegression(C=0.18420699693267145, penalty='l1', solver='liblinear')",2.559547922699533,l2,liblinear,"{'classifier': LogisticRegression(C=0.18420699693267145, penalty='l1', solver='liblinear'), 'classifier__C': 2.559547922699533, 'classifier__penalty': 'l2', 'classifier__solver': 'liblinear'}",0.6043277850174686,0.6137652064333549,0.6063558318049879,0.6081496077519372,0.004056226066690336,34,0.5894561289724821,0.5969609932363569,0.5938108032984342,0.5934093085024245,0.003076973129360876,30,0.5894561289724821,0.5969609932363569,0.5938108032984342,0.5934093085024245,0.003076973129360876,30
56,13.473072052001953,2.6673327189218083,0.021463394165039062,0.00030640346478699287,"LogisticRegression(C=0.18420699693267145, penalty='l1', solver='liblinear')",3.727593720314938,l1,liblinear,"{'classifier': LogisticRegression(C=0.18420699693267145, penalty='l1', solver='liblinear'), 'classifier__C': 3.727593720314938, 'classifier__penalty': 'l1', 'classifier__solver': 'liblinear'}",0.5982781866177398,0.6083359315192183,0.6012039846822333,0.6026060342730638,0.004224047460052581,37,0.5851941072917631,0.5960344667840267,0.5922357083294728,0.5911547608017543,0.004491078871766263,32,0.5851941072917631,0.5960344667840267,0.5922357083294728,0.5911547608017543,0.004491078871766263,32
57,2.928217649459839,0.23004871343025443,0.021445035934448242,0.0019463656484762905,"LogisticRegression(C=0.18420699693267145, penalty='l1', solver='liblinear')",3.727593720314938,l2,liblinear,"{'classifier': LogisticRegression(C=0.18420699693267145, penalty='l1', solver='liblinear'), 'classifier__C': 3.727593720314938, 'classifier__penalty': 'l2', 'classifier__solver': 'liblinear'}",0.5998985386393397,0.6096687744559751,0.6016559888562706,0.6037411006505286,0.0042524616693613475,36,0.5852867599369962,0.5964977300101918,0.5912165292319096,0.5910003397263659,0.004579411601377939,33,0.5852867599369962,0.5964977300101918,0.5912165292319096,0.5910003397263659,0.004579411601377939,33
58,11.610782623291016,1.7849702455343006,0.022060314814249676,0.0011625633055612674,"LogisticRegression(C=0.18420699693267145, penalty='l1', solver='liblinear')",5.428675439323859,l1,liblinear,"{'classifier': LogisticRegression(C=0.18420699693267145, penalty='l1', solver='liblinear'), 'classifier__C': 5.428675439323859, 'classifier__penalty': 'l1', 'classifier__solver': 'liblinear'}",0.5903040634922647,0.6023698625938385,0.5928775753158868,0.5951838338006633,0.0051887698053159365,41,0.5807467803205781,0.5954785509126286,0.5846381914203651,0.5869545075511906,0.006233257923303691,36,0.5807467803205781,0.5954785509126286,0.5846381914203651,0.5869545075511906,0.006233257923303691,36
59,3.446622292200724,0.16502289314406307,0.019500335057576496,9.217323801425427e-05,"LogisticRegression(C=0.18420699693267145, penalty='l1', solver='liblinear')",5.428675439323859,l2,liblinear,"{'classifier': LogisticRegression(C=0.18420699693267145, penalty='l1', solver='liblinear'), 'classifier__C': 5.428675439323859, 'classifier__penalty': 'l2', 'classifier__solver': 'liblinear'}",0.5955516591574691,0.6057285859280843,0.5970786671854975,0.599452970757017,0.004481104604217857,39,0.5807467803205781,0.5926989715556379,0.5879736866487538,0.5871398128416566,0.004914958662049416,35,0.5807467803205781,0.5926989715556379,0.5879736866487538,0.5871398128416566,0.004914958662049416,35
60,14.331254561742147,7.704669541628734,0.023704369862874348,0.0026641396096572256,"LogisticRegression(C=0.18420699693267145, penalty='l1', solver='liblinear')",7.9060432109076855,l1,liblinear,"{'classifier': LogisticRegression(C=0.18420699693267145, penalty='l1', solver='liblinear'), 'classifier__C': 7.9060432109076855, 'classifier__penalty': 'l1', 'classifier__solver': 'liblinear'}",0.5838516846284981,0.5963992490450125,0.5850827842949845,0.588444572656165,0.005647215180108467,45,0.5748170110256647,0.5895487816177152,0.5777818956731214,0.5807158961055005,0.00636199838086015,42,0.5748170110256647,0.5895487816177152,0.5777818956731214,0.5807158961055005,0.00636199838086015,42
61,4.337806701660156,0.10891124841452512,0.020276705423990887,8.11838504304808e-05,"LogisticRegression(C=0.18420699693267145, penalty='l1', solver='liblinear')",7.9060432109076855,l2,liblinear,"{'classifier': LogisticRegression(C=0.18420699693267145, penalty='l1', solver='liblinear'), 'classifier__C': 7.9060432109076855, 'classifier__penalty': 'l2', 'classifier__solver': 'liblinear'}",0.5913475654029443,0.6019927293070788,0.5927704836870915,0.5953702594657049,0.004718686555301209,40,0.5788010747706847,0.5896414342629482,0.5852867599369962,0.5845764229902096,0.004453970693950495,39,0.5788010747706847,0.5896414342629482,0.5852867599369962,0.5845764229902096,0.004453970693950495,39
62,16.635191520055134,1.421013263577196,0.023308436075846355,0.001072731719627558,"LogisticRegression(C=0.18420699693267145, penalty='l1', solver='liblinear')",11.513953993264458,l1,liblinear,"{'classifier': LogisticRegression(C=0.18420699693267145, penalty='l1', solver='liblinear'), 'classifier__C': 11.513953993264458, 'classifier__penalty': 'l1', 'classifier__solver': 'liblinear'}",0.5787294712489153,0.5922152361847851,0.5792603463019181,0.5834016845785396,0.006235889459007487,48,0.5731492634114704,0.5868618549059575,0.5747243583804318,0.5782451588992866,0.006126761982964371,60,0.5731492634114704,0.5868618549059575,0.5747243583804318,0.5782451588992866,0.006126761982964371,60
63,4.7400665283203125,0.27870847409624927,0.020792166392008465,0.003088123137137893,"LogisticRegression(C=0.18420699693267145, penalty='l1', solver='liblinear')",11.513953993264458,l2,liblinear,"{'classifier': LogisticRegression(C=0.18420699693267145, penalty='l1', solver='liblinear'), 'classifier__C': 11.513953993264458, 'classifier__penalty': 'l2', 'classifier__solver': 'liblinear'}",0.5873539335125112,0.5984066691116037,0.5887218212509668,0.5914941412916939,0.004919692392960101,43,0.5748170110256647,0.5872324654868897,0.58019086444918,0.5807467803205781,0.0050838082321387,41,0.5748170110256647,0.5872324654868897,0.58019086444918,0.5807467803205781,0.0050838082321387,41
64,19.124493837356567,4.85250004277469,0.02341039975484212,0.0005742113809511896,"LogisticRegression(C=0.18420699693267145, penalty='l1', solver='liblinear')",16.768329368110066,l1,liblinear,"{'classifier': LogisticRegression(C=0.18420699693267145, penalty='l1', solver='liblinear'), 'classifier__C': 16.768329368110066, 'classifier__penalty': 'l1', 'classifier__solver': 'liblinear'}",0.5747106853961521,0.588921722912547,0.5740526988041599,0.5792283690376197,0.006859497969834073,50,0.571203557861577,0.5839896229037339,0.5727786528305383,0.5759906111986164,0.005692590051067391,62,0.571203557861577,0.5839896229037339,0.5727786528305383,0.5759906111986164,0.005692590051067391,62
65,5.640206654866536,0.21819743571424982,0.02044359842936198,0.0007560941784835985,"LogisticRegression(C=0.18420699693267145, penalty='l1', solver='liblinear')",16.768329368110066,l2,liblinear,"{'classifier': LogisticRegression(C=0.18420699693267145, penalty='l1', solver='liblinear'), 'classifier__C': 16.768329368110066, 'classifier__penalty': 'l2', 'classifier__solver': 'liblinear'}",0.5837012540694637,0.5950268432235261,0.5848355928610183,0.5878545633846693,0.0050926666026525624,46,0.5738904845733346,0.5850088020012971,0.5782451588992866,0.5790481484913061,0.0045744099671179905,59,0.5738904845733346,0.5850088020012971,0.5782451588992866,0.5790481484913061,0.0045744099671179905,59
66,19.026004870732624,2.865028950616402,0.02380712827046712,0.00033371813023330964,"LogisticRegression(C=0.18420699693267145, penalty='l1', solver='liblinear')",24.420530945486497,l1,liblinear,"{'classifier': LogisticRegression(C=0.18420699693267145, penalty='l1', solver='liblinear'), 'classifier__C': 24.420530945486497, 'classifier__penalty': 'l1', 'classifier__solver': 'liblinear'}",0.5711441071911092,0.5859524280091132,0.5700842846346129,0.5757269399449451,0.00724344579950949,54,0.5673121467617901,0.5826924858704716,0.5691651996664505,0.5730566107662374,0.006855460987911662,65,0.5673121467617901,0.5826924858704716,0.5691651996664505,0.5730566107662374,0.006855460987911662,65
67,5.926426649093628,0.6482231883628409,0.021449565887451172,0.0005018210253941465,"LogisticRegression(C=0.18420699693267145, penalty='l1', solver='liblinear')",24.420530945486497,l2,liblinear,"{'classifier': LogisticRegression(C=0.18420699693267145, penalty='l1', solver='liblinear'), 'classifier__C': 24.420530945486497, 'classifier__penalty': 'l2', 'classifier__solver': 'liblinear'}",0.580359300043438,0.5919446373267185,0.5811624204483574,0.5844887859395046,0.005282268485374042,47,0.5722227369591402,0.5830630964514036,0.5750023163161309,0.5767627165755582,0.004597289439471963,61,0.5722227369591402,0.5830630964514036,0.5750023163161309,0.5767627165755582,0.004597289439471963,61
68,17.77840304374695,2.7114303229489565,0.024785916010538738,0.0008281899921521592,"LogisticRegression(C=0.18420699693267145, penalty='l1', solver='liblinear')",35.564803062231285,l1,liblinear,"{'classifier': LogisticRegression(C=0.18420699693267145, penalty='l1', solver='liblinear'), 'classifier__C': 35.564803062231285, 'classifier__penalty': 'l1', 'classifier__solver': 'liblinear'}",0.5686903980561694,0.583188768509212,0.5674721295797436,0.5731170987150417,0.007139091625329067,56,0.5655517465023626,0.5813953488372093,0.5682386732141202,0.5717285895178974,0.006922888154121673,67,0.5655517465023626,0.5813953488372093,0.5682386732141202,0.5717285895178974,0.006922888154121673,67
69,6.771135727564494,0.10279868098735467,0.0260467529296875,0.005470110907194067,"LogisticRegression(C=0.18420699693267145, penalty='l1', solver='liblinear')",35.564803062231285,l2,liblinear,"{'classifier': LogisticRegression(C=0.18420699693267145, penalty='l1', solver='liblinear'), 'classifier__C': 35.564803062231285, 'classifier__penalty': 'l2', 'classifier__solver': 'liblinear'}",0.5773561142271726,0.5891579376428342,0.577697301706639,0.5814037845255485,0.005484783201353151,49,0.5707402946354119,0.5807467803205781,0.5729639581210043,0.5748170110256647,0.00429012763931815,63,0.5707402946354119,0.5807467803205781,0.5729639581210043,0.5748170110256647,0.00429012763931815,63
70,19.992913961410522,1.960452834121774,0.02730242411295573,0.00041129226604165117,"LogisticRegression(C=0.18420699693267145, penalty='l1', solver='liblinear')",51.79474679231202,l1,liblinear,"{'classifier': LogisticRegression(C=0.18420699693267145, penalty='l1', solver='liblinear'), 'classifier__C': 51.79474679231202, 'classifier__penalty': 'l1', 'classifier__solver': 'liblinear'}",0.5661725357483955,0.5810121404859365,0.5648750518989283,0.5706865760444201,0.0073204656892777034,59,0.5631427777263041,0.5786157694802186,0.5663856203094598,0.5693813891719941,0.006662549149911266,70,0.5631427777263041,0.5786157694802186,0.5663856203094598,0.5693813891719941,0.006662549149911266,70
71,9.741900046666464,0.5546323089577501,0.025711536407470703,0.001974618896134298,"LogisticRegression(C=0.18420699693267145, penalty='l1', solver='liblinear')",51.79474679231202,l2,liblinear,"{'classifier': LogisticRegression(C=0.18420699693267145, penalty='l1', solver='liblinear'), 'classifier__C': 51.79474679231202, 'classifier__penalty': 'l2', 'classifier__solver': 'liblinear'}",0.574699940356221,0.5867495690534394,0.5745912217414606,0.5786802437170403,0.005706047287617369,51,0.5695358102473825,0.5787084221254517,0.5711109052163439,0.5731183791963927,0.004004719382749449,64,0.5695358102473825,0.5787084221254517,0.5711109052163439,0.5731183791963927,0.004004719382749449,64
72,21.688779910405476,2.458438355082028,0.028458356857299805,0.00226839056702952,"LogisticRegression(C=0.18420699693267145, penalty='l1', solver='liblinear')",75.43120063354607,l1,liblinear,"{'classifier': LogisticRegression(C=0.18420699693267145, penalty='l1', solver='liblinear'), 'classifier__C': 75.43120063354607, 'classifier__penalty': 'l1', 'classifier__solver': 'liblinear'}",0.5643290744222603,0.5793651900868023,0.5634224807733538,0.5690389150941387,0.007311153325759227,61,0.5610117668859446,0.5773186324469564,0.5656443991475957,0.5679915994934989,0.00686102413172087,73,0.5610117668859446,0.5773186324469564,0.5656443991475957,0.5679915994934989,0.00686102413172087,73
73,10.813654025395712,0.8602308203400507,0.0267026424407959,0.002887017206369269,"LogisticRegression(C=0.18420699693267145, penalty='l1', solver='liblinear')",75.43120063354607,l2,liblinear,"{'classifier': LogisticRegression(C=0.18420699693267145, penalty='l1', solver='liblinear'), 'classifier__C': 75.43120063354607, 'classifier__penalty': 'l2', 'classifier__solver': 'liblinear'}",0.5723860928885803,0.5847135425198845,0.571860631799746,0.5763200890694037,0.005938943394129514,53,0.5673121467617901,0.5782451588992866,0.5700917261187807,0.5718830105932858,0.004639627402505073,66,0.5673121467617901,0.5782451588992866,0.5700917261187807,0.5718830105932858,0.004639627402505073,66
74,22.110124905904133,1.687793982566218,0.030657370885213215,0.0007230203261534129,"LogisticRegression(C=0.18420699693267145, penalty='l1', solver='liblinear')",109.85411419875572,l1,liblinear,"{'classifier': LogisticRegression(C=0.18420699693267145, penalty='l1', solver='liblinear'), 'classifier__C': 109.85411419875572, 'classifier__penalty': 'l1', 'classifier__solver': 'liblinear'}",0.5632998405154237,0.5780690564340065,0.5621378039579235,0.5678355669691179,0.007251703809507193,63,0.5604558510145464,0.5767627165755582,0.5643472621143334,0.5671886099014793,0.006953819527994072,76,0.5604558510145464,0.5767627165755582,0.5643472621143334,0.5671886099014793,0.006953819527994072,76
75,12.943462451299032,1.474508910804985,0.026961406071980793,0.0006709388948656227,"LogisticRegression(C=0.18420699693267145, penalty='l1', solver='liblinear')",109.85411419875572,l2,liblinear,"{'classifier': LogisticRegression(C=0.18420699693267145, penalty='l1', solver='liblinear'), 'classifier__C': 109.85411419875572, 'classifier__penalty': 'l2', 'classifier__solver': 'liblinear'}",0.5703968865454133,0.5829344809740573,0.5695453037396889,0.5742922237530531,0.006120879878157489,55,0.567219494116557,0.5785231168349856,0.5689798943759844,0.571574168442509,0.004965928250879529,68,0.567219494116557,0.5785231168349856,0.5689798943759844,0.571574168442509,0.004965928250879529,68
76,23.34549570083618,1.2576991440065286,0.03281299273173014,0.002345308752470876,"LogisticRegression(C=0.18420699693267145, penalty='l1', solver='liblinear')",159.98587196060572,l1,liblinear,"{'classifier': LogisticRegression(C=0.18420699693267145, penalty='l1', solver='liblinear'), 'classifier__C': 159.98587196060572, 'classifier__penalty': 'l1', 'classifier__solver': 'liblinear'}",0.5622600377168516,0.5770077635555724,0.560905263856512,0.5667243550429787,0.0072924719645594644,65,0.5596219772074493,0.5765774112850922,0.5634207356620031,0.5665400413848483,0.007264949521951456,83,0.5596219772074493,0.5765774112850922,0.5634207356620031,0.5665400413848483,0.007264949521951456,83
77,15.487973690032959,1.1090793947166637,0.029021024703979492,0.0009103959252061043,"LogisticRegression(C=0.18420699693267145, penalty='l1', solver='liblinear')",159.98587196060572,l2,liblinear,"{'classifier': LogisticRegression(C=0.18420699693267145, penalty='l1', solver='liblinear'), 'classifier__C': 159.98587196060572, 'classifier__penalty': 'l2', 'classifier__solver': 'liblinear'}",0.5685827715086635,0.5814808003751252,0.5675374766098145,0.572533682831201,0.006340943390116121,57,0.5646252200500325,0.5770406745112573,0.5676827573427221,0.5697828839680039,0.005281652282594286,69,0.5646252200500325,0.5770406745112573,0.5676827573427221,0.5697828839680039,0.005281652282594286,69
78,22.772514899571735,2.2017503058589103,0.030103603998819988,0.001539318795034961,"LogisticRegression(C=0.18420699693267145, penalty='l1', solver='liblinear')",232.99518105153672,l1,liblinear,"{'classifier': LogisticRegression(C=0.18420699693267145, penalty='l1', solver='liblinear'), 'classifier__C': 232.99518105153672, 'classifier__penalty': 'l1', 'classifier__solver': 'liblinear'}",0.5613388531131904,0.5757164211336969,0.5603087916661295,0.5657880219710055,0.007033021593240352,67,0.5592513666265172,0.575558232187529,0.5645325674047994,0.5664473887396152,0.0067935445664457795,86,0.5592513666265172,0.575558232187529,0.5645325674047994,0.5664473887396152,0.0067935445664457795,86
79,15.431099732716879,1.0601619518160659,0.027352650960286457,0.0012498790964127387,"LogisticRegression(C=0.18420699693267145, penalty='l1', solver='liblinear')",232.99518105153672,l2,liblinear,"{'classifier': LogisticRegression(C=0.18420699693267145, penalty='l1', solver='liblinear'), 'classifier__C': 232.99518105153672, 'classifier__penalty': 'l2', 'classifier__solver': 'liblinear'}",0.566941105555397,0.5800710863658126,0.5658495857209658,0.5709539258807251,0.006462188244981709,58,0.5620309459835078,0.5766700639303252,0.567034188826091,0.5685783995799747,0.006075326257604885,71,0.5620309459835078,0.5766700639303252,0.567034188826091,0.5685783995799747,0.006075326257604885,71
80,18.493420521418255,3.349231498221261,0.036971489588419594,0.003930562294877128,"LogisticRegression(C=0.18420699693267145, penalty='l1', solver='liblinear')",339.3221771895323,l1,liblinear,"{'classifier': LogisticRegression(C=0.18420699693267145, penalty='l1', solver='liblinear'), 'classifier__C': 339.3221771895323, 'classifier__penalty': 'l1', 'classifier__solver': 'liblinear'}",0.5602894678527781,0.5747528200445373,0.5594549825190529,0.5648324234721228,0.007023047418252337,70,0.5594366719169832,0.5754655795422959,0.5646252200500325,0.5665091571697705,0.006677992922954589,84,0.5594366719169832,0.5754655795422959,0.5646252200500325,0.5665091571697705,0.006677992922954589,84
81,24.116758584976196,1.0118515487489026,0.033347368240356445,0.00882969369102192,"LogisticRegression(C=0.18420699693267145, penalty='l1', solver='liblinear')",339.3221771895323,l2,liblinear,"{'classifier': LogisticRegression(C=0.18420699693267145, penalty='l1', solver='liblinear'), 'classifier__C': 339.3221771895323, 'classifier__penalty': 'l2', 'classifier__solver': 'liblinear'}",0.5654300711039807,0.5788406559899721,0.5644358353108296,0.5695688541349274,0.006568706540991803,60,0.5608264615954786,0.5765774112850922,0.567034188826091,0.5681460205688873,0.00647818037205933,72,0.5608264615954786,0.5765774112850922,0.567034188826091,0.5681460205688873,0.00647818037205933,72
82,19.118666013081867,7.6428756994922455,0.03166874249776205,0.0014851491714400953,"LogisticRegression(C=0.18420699693267145, penalty='l1', solver='liblinear')",494.1713361323828,l1,liblinear,"{'classifier': LogisticRegression(C=0.18420699693267145, penalty='l1', solver='liblinear'), 'classifier__C': 494.1713361323828, 'classifier__penalty': 'l1', 'classifier__solver': 'liblinear'}",0.5596705183231114,0.5745136460245642,0.5588714740521563,0.5643518794666107,0.007192854909352485,72,0.5588807560455851,0.575743537477995,0.5643472621143334,0.5663238518793046,0.007024648495763504,87,0.5588807560455851,0.575743537477995,0.5643472621143334,0.5663238518793046,0.007024648495763504,87
83,24.562172889709473,3.572748722850047,0.02931666374206543,0.003931525063460772,"LogisticRegression(C=0.18420699693267145, penalty='l1', solver='liblinear')",494.1713361323828,l2,liblinear,"{'classifier': LogisticRegression(C=0.18420699693267145, penalty='l1', solver='liblinear'), 'classifier__C': 494.1713361323828, 'classifier__penalty': 'l2', 'classifier__solver': 'liblinear'}",0.5641792427670909,0.5777782005334472,0.5632162237053943,0.5683912223353108,0.006649229088022869,62,0.5607338089502455,0.5756508848327619,0.5668488835356249,0.5677445257728775,0.006122712878240143,74,0.5607338089502455,0.5756508848327619,0.5668488835356249,0.5677445257728775,0.006122712878240143,74
84,20.365020593007404,8.940069950842163,0.02689369519551595,0.0007129745486958873,"LogisticRegression(C=0.18420699693267145, penalty='l1', solver='liblinear')",719.6856730011514,l1,liblinear,"{'classifier': LogisticRegression(C=0.18420699693267145, penalty='l1', solver='liblinear'), 'classifier__C': 719.6856730011514, 'classifier__penalty': 'l1', 'classifier__solver': 'liblinear'}",0.5592963795556767,0.5739871038383044,0.558869289946569,0.56405092444685,0.007028102971069028,74,0.5588807560455851,0.5752802742518299,0.5648105253404985,0.5663238518793045,0.006780052470742395,88,0.5588807560455851,0.5752802742518299,0.5648105253404985,0.5663238518793045,0.006780052470742395,88
85,31.23526128133138,5.5897489377995315,0.024884700775146484,0.0008978004394393175,"LogisticRegression(C=0.18420699693267145, penalty='l1', solver='liblinear')",719.6856730011514,l2,liblinear,"{'classifier': LogisticRegression(C=0.18420699693267145, penalty='l1', solver='liblinear'), 'classifier__C': 719.6856730011514, 'classifier__penalty': 'l2', 'classifier__solver': 'liblinear'}",0.5630002124347238,0.5769070420173337,0.5622118521828339,0.5673730355449638,0.0067492388476076024,64,0.5603631983693135,0.5750949689613638,0.5663856203094598,0.5672812625467123,0.0060474731614155895,75,0.5603631983693135,0.5750949689613638,0.5663856203094598,0.5672812625467123,0.0060474731614155895,75
86,20.042465527852375,1.9205685004442115,0.026593923568725586,0.0004624807109728815,"LogisticRegression(C=0.18420699693267145, penalty='l1', solver='liblinear')",1048.1131341546852,l1,liblinear,"{'classifier': LogisticRegression(C=0.18420699693267145, penalty='l1', solver='liblinear'), 'classifier__C': 1048.1131341546852, 'classifier__penalty': 'l1', 'classifier__solver': 'liblinear'}",0.5582473818212949,0.5737366563338135,0.5580756141581615,0.5633532174377567,0.007342534917117524,78,0.558602798109886,0.5750949689613638,0.5640693041786343,0.5659223570832946,0.006859216604889427,92,0.558602798109886,0.5750949689613638,0.5640693041786343,0.5659223570832946,0.006859216604889427,92
87,28.03823693593343,4.265735154245884,0.026134014129638672,0.0017212968212515483,"LogisticRegression(C=0.18420699693267145, penalty='l1', solver='liblinear')",1048.1131341546852,l2,liblinear,"{'classifier': LogisticRegression(C=0.18420699693267145, penalty='l1', solver='liblinear'), 'classifier__C': 1048.1131341546852, 'classifier__penalty': 'l2', 'classifier__solver': 'liblinear'}",0.5621046750083406,0.5759986105430331,0.5613650885376518,0.5664894580296752,0.006730761877560526,66,0.5603631983693135,0.5751876216065969,0.5659223570832947,0.5671577256864017,0.0061147626156531345,77,0.5603631983693135,0.5751876216065969,0.5659223570832947,0.5671577256864017,0.0061147626156531345,77
88,19.344519933064777,1.8414984592669137,0.02889736493428548,0.0025423417280625417,"LogisticRegression(C=0.18420699693267145, penalty='l1', solver='liblinear')",1526.4179671752302,l1,liblinear,"{'classifier': LogisticRegression(C=0.18420699693267145, penalty='l1', solver='liblinear'), 'classifier__C': 1526.4179671752302, 'classifier__penalty': 'l1', 'classifier__solver': 'liblinear'}",0.5586427640611178,0.572741736095478,0.5579806760201341,0.5631217253922434,0.006807742875641214,79,0.558232187528954,0.5750023163161309,0.5643472621143334,0.5658605886531394,0.006929498432759068,94,0.558232187528954,0.5750023163161309,0.5643472621143334,0.5658605886531394,0.006929498432759068,94
89,45.41477560997009,6.935579123628241,0.024486621220906574,0.00045126645024670876,"LogisticRegression(C=0.18420699693267145, penalty='l1', solver='liblinear')",1526.4179671752302,l2,liblinear,"{'classifier': LogisticRegression(C=0.18420699693267145, penalty='l1', solver='liblinear'), 'classifier__C': 1526.4179671752302, 'classifier__penalty': 'l2', 'classifier__solver': 'liblinear'}",0.5612153732280813,0.5753329817415349,0.5606653292894972,0.5657378947530378,0.006788466091895033,68,0.5604558510145464,0.5749096636708978,0.5657370517928287,0.5670341888260909,0.005971604945546943,78,0.5604558510145464,0.5749096636708978,0.5657370517928287,0.5670341888260909,0.005971604945546943,78
90,16.756199916203816,7.14371136636679,0.027072668075561523,0.0009494157720262854,"LogisticRegression(C=0.18420699693267145, penalty='l1', solver='liblinear')",2222.996482526191,l1,liblinear,"{'classifier': LogisticRegression(C=0.18420699693267145, penalty='l1', solver='liblinear'), 'classifier__C': 2222.996482526191, 'classifier__penalty': 'l1', 'classifier__solver': 'liblinear'}",0.5585054036981961,0.5731394082618436,0.5575922222731847,0.5630790114110749,0.007123536746821086,80,0.5586954507551191,0.5753729268970629,0.5637913462429353,0.5659532412983724,0.006978055855767611,91,0.5586954507551191,0.5753729268970629,0.5637913462429353,0.5659532412983724,0.006978055855767611,91
91,41.42802023887634,0.482048263384965,0.023698727289835613,0.0011175112670326359,"LogisticRegression(C=0.18420699693267145, penalty='l1', solver='liblinear')",2222.996482526191,l2,liblinear,"{'classifier': LogisticRegression(C=0.18420699693267145, penalty='l1', solver='liblinear'), 'classifier__C': 2222.996482526191, 'classifier__penalty': 'l2', 'classifier__solver': 'liblinear'}",0.5604822796676718,0.5746480823274391,0.5601673532155986,0.5650992384035699,0.006753276235989223,69,0.5597146298526823,0.575558232187529,0.5652737885666635,0.5668488835356249,0.006563313535967724,80,0.5597146298526823,0.575558232187529,0.5652737885666635,0.5668488835356249,0.006563313535967724,80
92,20.507498343785603,3.310207635876227,0.026953697204589844,0.0020319163595212087,"LogisticRegression(C=0.18420699693267145, penalty='l1', solver='liblinear')",3237.45754281764,l1,liblinear,"{'classifier': LogisticRegression(C=0.18420699693267145, penalty='l1', solver='liblinear'), 'classifier__C': 3237.45754281764, 'classifier__penalty': 'l1', 'classifier__solver': 'liblinear'}",0.5584936369987307,0.572685086835776,0.5573587343404033,0.5628458193916367,0.006972822904627419,81,0.5586954507551191,0.575558232187529,0.5641619568238673,0.5661385465888383,0.007024648495763514,89,0.5586954507551191,0.575558232187529,0.5641619568238673,0.5661385465888383,0.007024648495763514,89
93,39.07886497179667,8.20934270296253,0.025135914484659832,0.0009452201582872532,"LogisticRegression(C=0.18420699693267145, penalty='l1', solver='liblinear')",3237.45754281764,l2,liblinear,"{'classifier': LogisticRegression(C=0.18420699693267145, penalty='l1', solver='liblinear'), 'classifier__C': 3237.45754281764, 'classifier__penalty': 'l2', 'classifier__solver': 'liblinear'}",0.5598437776882944,0.5741453906068623,0.5596508826992276,0.5645466836647947,0.006787767592710364,71,0.5592513666265172,0.5758361901232281,0.5654590938571297,0.566848883535625,0.0068416727543831116,79,0.5592513666265172,0.5758361901232281,0.5654590938571297,0.566848883535625,0.0068416727543831116,79
94,19.799185355504353,3.3082818340044,0.030375957489013672,0.002875955712436329,"LogisticRegression(C=0.18420699693267145, penalty='l1', solver='liblinear')",4714.8663634573895,l1,liblinear,"{'classifier': LogisticRegression(C=0.18420699693267145, penalty='l1', solver='liblinear'), 'classifier__C': 4714.8663634573895, 'classifier__penalty': 'l1', 'classifier__solver': 'liblinear'}",0.5581544460333012,0.572204131802535,0.5577373596122099,0.5626986458160154,0.006723550061815344,83,0.5588807560455851,0.5750023163161309,0.5642546094691003,0.5660458939436054,0.006702372785845439,90,0.5588807560455851,0.5750023163161309,0.5642546094691003,0.5660458939436054,0.006702372785845439,90
95,47.08796215057373,13.92128925910355,0.024288415908813477,0.0004712616075583337,"LogisticRegression(C=0.18420699693267145, penalty='l1', solver='liblinear')",4714.8663634573895,l2,liblinear,"{'classifier': LogisticRegression(C=0.18420699693267145, penalty='l1', solver='liblinear'), 'classifier__C': 4714.8663634573895, 'classifier__penalty': 'l2', 'classifier__solver': 'liblinear'}",0.5592813364997733,0.5737732599288574,0.5593934752875146,0.5641493572387151,0.006805280842547958,73,0.558510145464653,0.5754655795422959,0.5659223570832947,0.5666326940300813,0.006940226707334608,81,0.558510145464653,0.5754655795422959,0.5659223570832947,0.5666326940300813,0.006940226707334608,81
96,19.434378544489544,3.347905871884766,0.02840868631998698,0.001024036048728394,"LogisticRegression(C=0.18420699693267145, penalty='l1', solver='liblinear')",6866.488450042998,l1,liblinear,"{'classifier': LogisticRegression(C=0.18420699693267145, penalty='l1', solver='liblinear'), 'classifier__C': 6866.488450042998, 'classifier__penalty': 'l1', 'classifier__solver': 'liblinear'}",0.557606625145014,0.5721257458554972,0.5575400503316564,0.562424140444056,0.006860124815235964,84,0.558510145464653,0.5753729268970629,0.5637913462429353,0.5658914728682171,0.00704254917346314,93,0.558510145464653,0.5753729268970629,0.5637913462429353,0.5658914728682171,0.00704254917346314,93
97,45.71670126914978,8.367408427994706,0.01899862289428711,0.0035313267754578373,"LogisticRegression(C=0.18420699693267145, penalty='l1', solver='liblinear')",6866.488450042998,l2,liblinear,"{'classifier': LogisticRegression(C=0.18420699693267145, penalty='l1', solver='liblinear'), 'classifier__C': 6866.488450042998, 'classifier__penalty': 'l2', 'classifier__solver': 'liblinear'}",0.5588386408546147,0.5734626402007525,0.5590529309534473,0.5637847373362715,0.006843869906827188,75,0.5588807560455851,0.5753729268970629,0.5656443991475957,0.5666326940300812,0.006769070341371054,82,0.5588807560455851,0.5753729268970629,0.5656443991475957,0.5666326940300812,0.006769070341371054,82
98,16.965123812357586,3.763820819592819,0.027781089146931965,0.0013692930693193807,"LogisticRegression(C=0.18420699693267145, penalty='l1', solver='liblinear')",10000.0,l1,liblinear,"{'classifier': LogisticRegression(C=0.18420699693267145, penalty='l1', solver='liblinear'), 'classifier__C': 10000.0, 'classifier__penalty': 'l1', 'classifier__solver': 'liblinear'}",0.5579208030666697,0.5718637430293756,0.5570515504578062,0.5622786988512838,0.006786933718377894,85,0.558510145464653,0.5749096636708978,0.5637913462429353,0.5657370517928287,0.00683497753785155,95,0.558510145464653,0.5749096636708978,0.5637913462429353,0.5657370517928287,0.00683497753785155,95
99,42.886141538619995,6.271656141685125,0.011191209157307943,0.0021275850722240626,"LogisticRegression(C=0.18420699693267145, penalty='l1', solver='liblinear')",10000.0,l2,liblinear,"{'classifier': LogisticRegression(C=0.18420699693267145, penalty='l1', solver='liblinear'), 'classifier__C': 10000.0, 'classifier__penalty': 'l2', 'classifier__solver': 'liblinear'}",0.558421557157095,0.5731741094563749,0.5586636317462705,0.5634197661199135,0.006898070284306983,76,0.5589734086908181,0.5751876216065969,0.5652737885666635,0.5664782729546928,0.006673992413356302,85,0.5589734086908181,0.5751876216065969,0.5652737885666635,0.5664782729546928,0.006673992413356302,85
