,mean_fit_time,std_fit_time,mean_score_time,std_score_time,param_logisticregression__C,param_logisticregression__penalty,param_logisticregression__random_state,param_logisticregression__solver,param_logisticregression__max_iter,params,split0_test_roc_auc,split1_test_roc_auc,split2_test_roc_auc,split3_test_roc_auc,split4_test_roc_auc,split5_test_roc_auc,split6_test_roc_auc,split7_test_roc_auc,split8_test_roc_auc,split9_test_roc_auc,mean_test_roc_auc,std_test_roc_auc,rank_test_roc_auc,split0_test_accuracy,split1_test_accuracy,split2_test_accuracy,split3_test_accuracy,split4_test_accuracy,split5_test_accuracy,split6_test_accuracy,split7_test_accuracy,split8_test_accuracy,split9_test_accuracy,mean_test_accuracy,std_test_accuracy,rank_test_accuracy,split0_test_f1,split1_test_f1,split2_test_f1,split3_test_f1,split4_test_f1,split5_test_f1,split6_test_f1,split7_test_f1,split8_test_f1,split9_test_f1,mean_test_f1,std_test_f1,rank_test_f1,split0_test_recall,split1_test_recall,split2_test_recall,split3_test_recall,split4_test_recall,split5_test_recall,split6_test_recall,split7_test_recall,split8_test_recall,split9_test_recall,mean_test_recall,std_test_recall,rank_test_recall,split0_test_precision,split1_test_precision,split2_test_precision,split3_test_precision,split4_test_precision,split5_test_precision,split6_test_precision,split7_test_precision,split8_test_precision,split9_test_precision,mean_test_precision,std_test_precision,rank_test_precision
0,0.099025011,0.007857423,0.018335485,0.003013371,0.0001,l1,100,liblinear,,"{'logisticregression__C': 0.0001, 'logisticregression__penalty': 'l1', 'logisticregression__random_state': 100, 'logisticregression__solver': 'liblinear'}",0.5,0.5,0.5,0.5,0.5,0.5,0.5,0.5,0.5,0.5,0.5,0,38,0.418004941,0.414762199,0.424953675,0.416924027,0.427733169,0.427733169,0.423718345,0.423409512,0.428196418,0.411056208,0.421649166,0.005748436,39,0,0,0,0,0,0,0,0,0,0,0,0,39,0,0,0,0,0,0,0,0,0,0,0,0,39,0,0,0,0,0,0,0,0,0,0,0,0,39
1,0.121681976,0.014723274,0.022546053,0.003986689,0.000263665,l1,100,liblinear,,"{'logisticregression__C': 0.00026366508987303583, 'logisticregression__penalty': 'l1', 'logisticregression__random_state': 100, 'logisticregression__solver': 'liblinear'}",0.5,0.5,0.5,0.5,0.5,0.5,0.5,0.5,0.5,0.5,0.5,0,38,0.418004941,0.414762199,0.424953675,0.416924027,0.427733169,0.427733169,0.423718345,0.423409512,0.428196418,0.411056208,0.421649166,0.005748436,39,0,0,0,0,0,0,0,0,0,0,0,0,39,0,0,0,0,0,0,0,0,0,0,0,0,39,0,0,0,0,0,0,0,0,0,0,0,0,39
2,0.408529782,0.09132696,0.02307291,0.00261154,0.000695193,l1,100,liblinear,,"{'logisticregression__C': 0.0006951927961775605, 'logisticregression__penalty': 'l1', 'logisticregression__random_state': 100, 'logisticregression__solver': 'liblinear'}",0.499914287,0.5,0.499976582,0.500289744,0.500186058,0.500049291,0.498467474,0.5,0.5,0.5,0.499888344,0.000485063,40,0.581995059,0.585237801,0.575046325,0.583075973,0.572266831,0.572266831,0.576281655,0.576590488,0.571803582,0.588943792,0.578350834,0.005748436,24,0.735773548,0.738359634,0.730196078,0.736636754,0.727951287,0.727951287,0.731191223,0.731439765,0.727576383,0.741302235,0.732837819,0.004607287,2,1,1,1,1,1,1,1,1,1,1,1,0,1,0.581995059,0.585237801,0.575046325,0.583075973,0.572266831,0.572266831,0.576281655,0.576590488,0.571803582,0.588943792,0.578350834,0.005748436,34
3,0.624129629,0.292294405,0.02594943,0.003410736,0.001832981,l1,100,liblinear,,"{'logisticregression__C': 0.0018329807108324356, 'logisticregression__penalty': 'l1', 'logisticregression__random_state': 100, 'logisticregression__solver': 'liblinear'}",0.49912768,0.500492439,0.499536076,0.500155956,0.49957645,0.501007879,0.499612132,0.500387845,0.502404703,0.500119424,0.500242059,0.000891628,37,0.581995059,0.585237801,0.575046325,0.583075973,0.572266831,0.572266831,0.576281655,0.576590488,0.571803582,0.588943792,0.578350834,0.005748436,24,0.735773548,0.738359634,0.730196078,0.736636754,0.727951287,0.727951287,0.731191223,0.731439765,0.727576383,0.741302235,0.732837819,0.004607287,2,1,1,1,1,1,1,1,1,1,1,1,0,1,0.581995059,0.585237801,0.575046325,0.583075973,0.572266831,0.572266831,0.576281655,0.576590488,0.571803582,0.588943792,0.578350834,0.005748436,34
4,0.790402412,0.242648918,0.029004169,0.003324057,0.00483293,l1,100,liblinear,,"{'logisticregression__C': 0.004832930238571752, 'logisticregression__penalty': 'l1', 'logisticregression__random_state': 100, 'logisticregression__solver': 'liblinear'}",0.519873155,0.5262004,0.522541511,0.529303937,0.525067117,0.522955214,0.52494681,0.524645099,0.520532031,0.520107717,0.523617299,0.002852833,36,0.581995059,0.585237801,0.575046325,0.583075973,0.572266831,0.572266831,0.576127239,0.576590488,0.571803582,0.588171711,0.578258184,0.005614811,28,0.735773548,0.738359634,0.730196078,0.736636754,0.727951287,0.727951287,0.731066915,0.731439765,0.727576383,0.740589437,0.732754109,0.004484049,6,1,1,1,1,1,1,0.999732047,1,1,0.998164657,0.99978967,0.000547531,6,0.581995059,0.585237801,0.575046325,0.583075973,0.572266831,0.572266831,0.576216216,0.576590488,0.571803582,0.588680996,0.57831801,0.005702727,38
5,0.864071202,0.185848999,0.02987752,0.002705817,0.01274275,l1,100,liblinear,,"{'logisticregression__C': 0.012742749857031334, 'logisticregression__penalty': 'l1', 'logisticregression__random_state': 100, 'logisticregression__solver': 'liblinear'}",0.571849581,0.57507672,0.575298865,0.575228931,0.568947419,0.569850287,0.575032166,0.563776904,0.567239416,0.566362086,0.570866237,0.004039124,35,0.58446572,0.588017295,0.576899321,0.584156887,0.575046325,0.571649166,0.577516986,0.576281655,0.577516986,0.592032119,0.580358246,0.006124004,19,0.730980706,0.734104046,0.72865914,0.730457412,0.726169154,0.72114998,0.725246033,0.725435261,0.719844358,0.730187908,0.7272234,0.004269949,9,0.970018573,0.97176781,0.987916219,0.966366525,0.984619536,0.967889908,0.967577706,0.970808784,0.949230354,0.93733613,0.967353155,0.014107701,8,0.586461341,0.589846252,0.577188579,0.587127916,0.575189155,0.574655559,0.579987151,0.579073482,0.579746,0.598026096,0.582730153,0.007074193,32
6,0.943996167,0.273041072,0.030604267,0.004968963,0.033598183,l1,100,liblinear,,"{'logisticregression__C': 0.03359818286283781, 'logisticregression__penalty': 'l1', 'logisticregression__random_state': 100, 'logisticregression__solver': 'liblinear'}",0.636509191,0.644774134,0.642962525,0.636590503,0.63746028,0.6309954,0.645691545,0.629764359,0.636560117,0.636889153,0.637819721,0.005040321,7,0.608091414,0.612723904,0.601142681,0.606856084,0.604848672,0.59697344,0.608245831,0.606547251,0.598208771,0.614422483,0.605806053,0.005415941,9,0.726626454,0.731420004,0.720303194,0.727467352,0.723977996,0.716057441,0.727116274,0.726550762,0.720935221,0.734446453,0.725490115,0.005130913,10,0.894932343,0.901055409,0.893125671,0.899894068,0.905558554,0.888019428,0.9056806,0.906534547,0.907642452,0.905348715,0.900779179,0.006359312,10,0.611604714,0.61553713,0.603520232,0.610492275,0.603054807,0.599890631,0.607367475,0.606196275,0.59793631,0.617820719,0.607342057,0.006191509,29
7,0.945594692,0.282870606,0.031796527,0.002245406,0.088586679,l1,100,liblinear,,"{'logisticregression__C': 0.08858667904100823, 'logisticregression__penalty': 'l1', 'logisticregression__random_state': 100, 'logisticregression__solver': 'liblinear'}",0.65369565,0.660171769,0.664318441,0.654062892,0.653702942,0.647658203,0.658719092,0.645041113,0.656250685,0.657926805,0.655154759,0.005428134,2,0.626158122,0.63712168,0.629400865,0.630172946,0.621371217,0.615503397,0.626466955,0.625386041,0.619363805,0.630790611,0.626173564,0.005929445,2,0.722203098,0.730009191,0.725148878,0.724870764,0.717836594,0.710666977,0.721858112,0.721085307,0.718253515,0.727023633,0.721895607,0.005178198,11,0.834969488,0.838258575,0.850161117,0.835540254,0.841608203,0.825148408,0.841103966,0.839850027,0.848501215,0.834819088,0.838996034,0.006818406,12,0.636271735,0.646520147,0.632188498,0.640089268,0.625802568,0.624081633,0.632225579,0.63174859,0.622671423,0.64388271,0.633548215,0.00774615,12
8,1.81155889,0.578896958,0.033753753,0.00117454,0.233572147,l1,100,liblinear,,"{'logisticregression__C': 0.23357214690901212, 'logisticregression__penalty': 'l1', 'logisticregression__random_state': 100, 'logisticregression__solver': 'liblinear'}",0.654985948,0.659847897,0.660307297,0.648471045,0.65775881,0.651042217,0.659426374,0.649540642,0.65609701,0.657080049,0.655455729,0.004128227,1,0.63001853,0.638974676,0.627856702,0.628474367,0.631562693,0.626003706,0.629092032,0.629400865,0.624922792,0.638974676,0.630528104,0.004589075,1,0.713739546,0.720134068,0.712616265,0.713775874,0.713014193,0.706495395,0.71219746,0.711538462,0.710316041,0.72272296,0.713655026,0.004412826,14,0.792517909,0.793667546,0.80236305,0.794491525,0.799784134,0.786562331,0.796355841,0.792715587,0.8042128,0.798898794,0.796156952,0.005002392,14,0.649206694,0.65907099,0.640926641,0.647948164,0.643229167,0.641223053,0.644126571,0.645442652,0.636052969,0.659809441,0.646703634,0.007277899,2
9,4.613144374,2.096950195,0.031519151,0.002449742,0.615848211,l1,100,liblinear,,"{'logisticregression__C': 0.615848211066026, 'logisticregression__penalty': 'l1', 'logisticregression__random_state': 100, 'logisticregression__solver': 'liblinear'}",0.640406646,0.645798796,0.646832867,0.634863956,0.643393872,0.63859572,0.64415814,0.638894782,0.637849799,0.643425385,0.641421996,0.003674184,6,0.625077208,0.627547869,0.621062384,0.616121062,0.625077208,0.617819642,0.620907968,0.619209389,0.611951822,0.628011118,0.621278567,0.004934658,5,0.700394867,0.705206551,0.698969578,0.696829268,0.699653637,0.691895929,0.697697328,0.694877506,0.692448905,0.70553722,0.698351079,0.004429537,16,0.752984877,0.76121372,0.765037594,0.756620763,0.763086886,0.749865084,0.759110397,0.75200857,0.763975155,0.756685894,0.758058894,0.005034756,16,0.65467128,0.656876138,0.643405601,0.64579566,0.645957058,0.64224636,0.64547733,0.645814167,0.633169203,0.660865583,0.647427838,0.007614993,1
10,7.781392813,3.171654772,0.032150412,0.001777941,1.623776739,l1,100,liblinear,,"{'logisticregression__C': 1.623776739188721, 'logisticregression__penalty': 'l1', 'logisticregression__random_state': 100, 'logisticregression__solver': 'liblinear'}",0.621944345,0.622371743,0.622615151,0.618094888,0.623498727,0.613503325,0.624128079,0.61931794,0.613610722,0.620837383,0.61999223,0.003651735,12,0.609017912,0.614422483,0.604231007,0.605311921,0.606238419,0.59573811,0.609789994,0.602686844,0.594193947,0.607936998,0.604956763,0.005887313,10,0.680786687,0.68673943,0.676020731,0.681296758,0.675819985,0.66555953,0.681457204,0.672521319,0.67100651,0.68115032,0.677235847,0.005944825,19,0.71637039,0.722163588,0.718045113,0.723516949,0.717215326,0.702914193,0.724276527,0.707552223,0.72373751,0.711064499,0.716685632,0.007006586,19,0.648570742,0.654628079,0.63864342,0.643732328,0.638942308,0.63197477,0.643418234,0.640795537,0.625437573,0.653651482,0.641979447,0.008604036,6
11,14.1673022,4.439079189,0.034374857,0.008043222,4.281332399,l1,100,liblinear,,"{'logisticregression__C': 4.281332398719396, 'logisticregression__penalty': 'l1', 'logisticregression__random_state': 100, 'logisticregression__solver': 'liblinear'}",0.604328391,0.604605823,0.601710815,0.59893852,0.60714404,0.594625069,0.609212363,0.603497265,0.59389016,0.604448418,0.602240086,0.004774585,17,0.597436689,0.600370599,0.591877702,0.58863496,0.593267449,0.583230389,0.604539839,0.590024707,0.580450896,0.594657196,0.592449043,0.006993218,14,0.665983344,0.669982147,0.659538838,0.662014717,0.660391955,0.648887733,0.6717929,0.655954386,0.654105665,0.665306643,0.661395833,0.006798611,22,0.689572831,0.693139842,0.687432868,0.690942797,0.691041554,0.672962763,0.702304394,0.677825388,0.693761815,0.684058731,0.688304298,0.007932134,22,0.64395441,0.648321816,0.633820253,0.635411593,0.632345679,0.62647576,0.643822157,0.635450665,0.618737958,0.647555225,0.636589552,0.009020954,10
12,17.61157718,7.577645976,0.031617236,0.001240637,11.28837892,l1,100,liblinear,,"{'logisticregression__C': 11.288378916846883, 'logisticregression__penalty': 'l1', 'logisticregression__random_state': 100, 'logisticregression__solver': 'liblinear'}",0.592378691,0.593433655,0.590070223,0.585042373,0.595213051,0.58089224,0.598737887,0.591141899,0.581568204,0.593194849,0.590167307,0.00557526,20,0.586781964,0.590487956,0.582149475,0.578906733,0.583848054,0.577208153,0.594039531,0.584311303,0.574583076,0.58693638,0.583925263,0.005687574,17,0.65435288,0.659125964,0.649118257,0.649350649,0.648859935,0.640682415,0.660116354,0.647459403,0.644836921,0.656831302,0.651073408,0.006017843,24,0.672061555,0.67651715,0.672126745,0.668697034,0.671883432,0.65866163,0.684083601,0.662024638,0.675398326,0.671211327,0.671266544,0.00679391,24,0.637553486,0.642606516,0.627632899,0.631092227,0.627362056,0.623658661,0.637771671,0.633521271,0.616921559,0.643054509,0.632117486,0.007996083,13
13,20.08844962,4.834455207,0.030624032,0.002682734,29.76351442,l1,100,liblinear,,"{'logisticregression__C': 29.763514416313132, 'logisticregression__penalty': 'l1', 'logisticregression__random_state': 100, 'logisticregression__solver': 'liblinear'}",0.58576445,0.58549461,0.584037798,0.577273423,0.587500998,0.573401509,0.591027017,0.583828908,0.57429279,0.586000035,0.582862154,0.005566613,23,0.584311303,0.583230389,0.577208153,0.575818406,0.580296479,0.572575664,0.589252625,0.579987647,0.569950587,0.582921557,0.579555281,0.005501556,21,0.6502079,0.651517108,0.642838508,0.643755674,0.645539906,0.635021097,0.653736006,0.642011056,0.638827649,0.6520675,0.64555224,0.005881621,27,0.663836561,0.665699208,0.661654135,0.657309322,0.667835942,0.649757151,0.672829582,0.653186931,0.665136376,0.663607761,0.662085297,0.006560669,28,0.637127578,0.637926675,0.62506342,0.630749682,0.624684503,0.620938628,0.635696203,0.63121118,0.614520958,0.640921752,0.629884058,0.008009957,15
14,21.70090792,6.131883731,0.033704877,0.004187827,78.47599704,l1,100,liblinear,,"{'logisticregression__C': 78.47599703514607, 'logisticregression__penalty': 'l1', 'logisticregression__random_state': 100, 'logisticregression__solver': 'liblinear'}",0.581938398,0.580800673,0.580592105,0.572763065,0.581274877,0.57081998,0.586177891,0.578756255,0.569622451,0.581097873,0.578384357,0.005152955,29,0.580914145,0.579524398,0.576281655,0.573810994,0.576281655,0.571031501,0.58693638,0.575972823,0.566707844,0.580142063,0.576760346,0.005324766,33,0.646430433,0.648054802,0.64130719,0.641278919,0.641868964,0.632539683,0.65164735,0.638589102,0.635015609,0.649025429,0.642575748,0.005885008,33,0.658264792,0.661477573,0.658700322,0.653336864,0.663518618,0.645169995,0.670418006,0.64970541,0.659195247,0.659150498,0.657893733,0.006746181,33,0.635014077,0.635165949,0.624808966,0.629657989,0.621587462,0.620394395,0.633899164,0.627846791,0.612547051,0.639206712,0.628012856,0.007820816,21
15,19.96230016,4.408624485,0.031298137,0.000622841,206.9138081,l1,100,liblinear,,"{'logisticregression__C': 206.913808111479, 'logisticregression__penalty': 'l1', 'logisticregression__random_state': 100, 'logisticregression__solver': 'liblinear'}",0.580309219,0.577771971,0.578706454,0.570284938,0.5773398,0.569264594,0.582981206,0.575982934,0.567206695,0.577902126,0.575774994,0.004878815,30,0.581377393,0.5785979,0.575200741,0.572266831,0.573810994,0.571185917,0.584620136,0.574119827,0.565781347,0.577671402,0.575463249,0.005102776,34,0.647051165,0.647279307,0.639874329,0.639979205,0.639498433,0.631844094,0.649099922,0.637009739,0.634044768,0.646503813,0.641218477,0.005693519,34,0.659326081,0.660686016,0.656283566,0.652012712,0.660550459,0.643011333,0.666666667,0.648098554,0.657844991,0.655742003,0.656022238,0.006465979,34,0.635224949,0.634405878,0.624265645,0.628381827,0.619746835,0.621058118,0.63243518,0.626293996,0.611906556,0.637522304,0.627124129,0.00766951,23
16,16.76430526,5.344766602,0.031596947,0.000872929,545.5594781,l1,100,liblinear,,"{'logisticregression__C': 545.5594781168514, 'logisticregression__penalty': 'l1', 'logisticregression__random_state': 100, 'logisticregression__solver': 'liblinear'}",0.579429842,0.576429527,0.577842323,0.569242487,0.575439671,0.568178055,0.58130445,0.574205841,0.565866274,0.575947112,0.574388558,0.00480195,31,0.580914145,0.578134651,0.575046325,0.572421248,0.573347746,0.571649166,0.584774552,0.574119827,0.564700432,0.577053737,0.575216183,0.005211156,35,0.646430433,0.647119607,0.639884847,0.639593909,0.639059438,0.632095491,0.649367584,0.636818541,0.632990496,0.645803698,0.640916404,0.005726035,35,0.658264792,0.660949868,0.656552095,0.650688559,0.660010793,0.643011333,0.667202572,0.647562935,0.656494734,0.654693235,0.655543092,0.006629367,35,0.635014077,0.633856275,0.624042879,0.628871257,0.619397316,0.621544079,0.632461265,0.62642487,0.611111111,0.637152335,0.626987546,0.007724826,24
17,13.01610034,4.449510523,0.031204319,0.000681654,1438.449888,l1,100,liblinear,,"{'logisticregression__C': 1438.44988828766, 'logisticregression__penalty': 'l1', 'logisticregression__random_state': 100, 'logisticregression__solver': 'liblinear'}",0.578842154,0.575691016,0.577398841,0.5686424,0.573863537,0.567615205,0.58015735,0.573061742,0.564865536,0.574853037,0.573499082,0.004772802,32,0.580914145,0.577208153,0.575046325,0.572575664,0.572266831,0.571340334,0.584311303,0.573656578,0.563465102,0.576899321,0.574768376,0.005396535,36,0.645969215,0.646344614,0.639790576,0.639864689,0.638097727,0.631927871,0.649022164,0.636375609,0.631757197,0.645811789,0.640496145,0.005818251,36,0.65693818,0.660158311,0.656283566,0.65121822,0.658931462,0.643011333,0.66693462,0.647027317,0.654874426,0.654955427,0.655033286,0.006414859,36,0.635360534,0.633097166,0.624106231,0.628900256,0.618541033,0.621220021,0.632046724,0.62606893,0.610216407,0.636919939,0.626647724,0.00793228,25
18,14.14407125,4.273376954,0.028870726,0.003902763,3792.690191,l1,100,liblinear,,"{'logisticregression__C': 3792.690190732246, 'logisticregression__penalty': 'l1', 'logisticregression__random_state': 100, 'logisticregression__solver': 'liblinear'}",0.578438828,0.575190816,0.576976826,0.568192875,0.573265034,0.567248155,0.579822702,0.572470061,0.564171271,0.57428236,0.573005893,0.004825751,33,0.580759728,0.576899321,0.574274243,0.572421248,0.571803582,0.571185917,0.584156887,0.573502162,0.563619518,0.576899321,0.574552193,0.005347265,37,0.645792564,0.646086283,0.63899437,0.639781449,0.637847721,0.631844094,0.648846003,0.636291809,0.6318395,0.645628557,0.640295235,0.005763784,37,0.656672858,0.659894459,0.655209452,0.65121822,0.658931462,0.643011333,0.666666667,0.647027317,0.654874426,0.654431044,0.654793724,0.006323553,37,0.63526694,0.63284413,0.623562484,0.628739453,0.618071374,0.621058118,0.631953264,0.625906736,0.610369997,0.637059724,0.626483222,0.007957256,27
19,12.37118726,3.21583002,0.019960308,0.004423059,10000,l1,100,liblinear,,"{'logisticregression__C': 10000.0, 'logisticregression__penalty': 'l1', 'logisticregression__random_state': 100, 'logisticregression__solver': 'liblinear'}",0.57843922,0.574745431,0.576715323,0.568192679,0.572763165,0.566972087,0.580168287,0.572270621,0.56393735,0.574184851,0.572838901,0.004910496,34,0.580914145,0.576744904,0.573965411,0.572884497,0.571031501,0.571185917,0.584002471,0.573502162,0.563773935,0.577053737,0.574505868,0.005338094,38,0.645876827,0.646002841,0.638637852,0.640031234,0.637052522,0.631844094,0.648578137,0.636195996,0.632017715,0.645712068,0.640194929,0.005758937,38,0.656672858,0.659894459,0.654672395,0.65121822,0.657852132,0.643011333,0.666130761,0.646759507,0.655144477,0.654431044,0.654578719,0.006191894,38,0.635430039,0.632684037,0.623369982,0.629222108,0.617527862,0.621058118,0.631926792,0.625972006,0.610468042,0.637222364,0.626488135,0.008043807,26
20,0.865076852,0.083860839,0.025734758,0.004892424,0.0001,l2,100,sag,800,"{'logisticregression__C': 0.0001, 'logisticregression__max_iter': 800, 'logisticregression__penalty': 'l2', 'logisticregression__random_state': 100, 'logisticregression__solver': 'sag'}",0.601103553,0.599381234,0.603268905,0.600088767,0.602392159,0.599425266,0.599785189,0.589507989,0.592689391,0.597977931,0.598562038,0.004066103,18,0.581995059,0.585237801,0.575046325,0.583075973,0.572266831,0.572266831,0.576281655,0.576590488,0.571803582,0.588943792,0.578350834,0.005748436,24,0.735773548,0.738359634,0.730196078,0.736636754,0.727951287,0.727951287,0.731191223,0.731439765,0.727576383,0.741302235,0.732837819,0.004607287,2,1,1,1,1,1,1,1,1,1,1,1,0,1,0.581995059,0.585237801,0.575046325,0.583075973,0.572266831,0.572266831,0.576281655,0.576590488,0.571803582,0.588943792,0.578350834,0.005748436,34
21,1.146513724,0.082129203,0.020728588,0.002818352,0.000263665,l2,100,sag,800,"{'logisticregression__C': 0.00026366508987303583, 'logisticregression__max_iter': 800, 'logisticregression__penalty': 'l2', 'logisticregression__random_state': 100, 'logisticregression__solver': 'sag'}",0.605890823,0.605165944,0.608487451,0.605661194,0.608130537,0.603597152,0.607088563,0.595752087,0.598002477,0.603911525,0.604168775,0.003978889,16,0.581995059,0.585237801,0.575046325,0.583075973,0.572266831,0.572266831,0.576281655,0.576590488,0.571803582,0.588943792,0.578350834,0.005748436,24,0.735773548,0.738359634,0.730196078,0.736636754,0.727951287,0.727951287,0.731191223,0.731439765,0.727576383,0.741302235,0.732837819,0.004607287,2,1,1,1,1,1,1,1,1,1,1,1,0,1,0.581995059,0.585237801,0.575046325,0.583075973,0.572266831,0.572266831,0.576281655,0.576590488,0.571803582,0.588943792,0.578350834,0.005748436,34
22,1.842660356,0.062466706,0.018302011,0.002826544,0.000695193,l2,100,sag,800,"{'logisticregression__C': 0.0006951927961775605, 'logisticregression__max_iter': 800, 'logisticregression__penalty': 'l2', 'logisticregression__random_state': 100, 'logisticregression__solver': 'sag'}",0.613291523,0.614764134,0.61671055,0.613539999,0.61564981,0.610196364,0.616905559,0.605477414,0.607382987,0.612652405,0.612657074,0.003667113,14,0.582149475,0.585237801,0.575046325,0.583075973,0.572266831,0.572266831,0.576590488,0.576899321,0.571957999,0.589252625,0.578474367,0.005778472,23,0.735845373,0.738359634,0.730196078,0.736636754,0.727951287,0.727951287,0.731334509,0.731583072,0.727647868,0.741446345,0.732895221,0.00462111,1,1,1,1,1,1,1,1,1,1,1,1,0,1,0.582084942,0.585237801,0.575046325,0.583075973,0.572266831,0.572266831,0.576459685,0.576768613,0.571891892,0.589125734,0.578422463,0.005766244,33
23,2.613929844,0.084460755,0.015663505,0.001060644,0.001832981,l2,100,sag,800,"{'logisticregression__C': 0.0018329807108324356, 'logisticregression__max_iter': 800, 'logisticregression__penalty': 'l2', 'logisticregression__random_state': 100, 'logisticregression__solver': 'sag'}",0.623077283,0.627147704,0.627410414,0.622793275,0.624651214,0.619565112,0.627869654,0.617270302,0.620350124,0.623621129,0.623375621,0.00337296,11,0.586781964,0.592495368,0.581995059,0.58863496,0.578134651,0.577671402,0.583075973,0.584620136,0.580605312,0.597899938,0.585191476,0.006096238,16,0.733093956,0.738064516,0.729921181,0.735294118,0.727399721,0.726253628,0.729891957,0.731858054,0.727363983,0.740740741,0.731988185,0.004579159,7,0.975059698,0.981002639,0.982277121,0.979872881,0.983540205,0.978953049,0.977491961,0.983128013,0.978395895,0.975353959,0.979507542,0.002864453,7,0.587342177,0.591567224,0.5807271,0.588422392,0.577105763,0.577247414,0.582375479,0.582883455,0.578846461,0.597110754,0.584362822,0.006267779,31
24,3.763043118,0.195535624,0.015087605,0.000573029,0.00483293,l2,100,sag,800,"{'logisticregression__C': 0.004832930238571752, 'logisticregression__max_iter': 800, 'logisticregression__penalty': 'l2', 'logisticregression__random_state': 100, 'logisticregression__solver': 'sag'}",0.633958832,0.639443651,0.639553813,0.632581215,0.634524753,0.630455832,0.638282414,0.629272301,0.634041618,0.635910759,0.634802519,0.003364995,9,0.603922174,0.604231007,0.595583694,0.604848672,0.59867202,0.593113033,0.59990735,0.600679432,0.593421865,0.608863496,0.600324274,0.004967335,12,0.731160256,0.732491389,0.726074678,0.731676628,0.72731088,0.723068839,0.728150247,0.728703315,0.723453419,0.735235706,0.728732536,0.003746378,8,0.925444415,0.92585752,0.932062299,0.923993644,0.935240151,0.928224501,0.929796356,0.930101768,0.930056711,0.922128998,0.928290636,0.003763548,9,0.604296604,0.605940252,0.594654788,0.605624024,0.595021459,0.592184541,0.598379031,0.598999655,0.591955999,0.611333217,0.599838957,0.006295492,30
25,4.214844918,0.922755357,0.01559999,0.000843777,0.01274275,l2,100,sag,800,"{'logisticregression__C': 0.012742749857031334, 'logisticregression__max_iter': 800, 'logisticregression__penalty': 'l2', 'logisticregression__random_state': 100, 'logisticregression__solver': 'sag'}",0.642310557,0.647905783,0.649285824,0.640221673,0.642629281,0.638790351,0.645159936,0.638589858,0.644417412,0.645420683,0.643473136,0.003455086,5,0.619363805,0.623841878,0.608091414,0.621525633,0.613959234,0.610253243,0.614885732,0.610716492,0.607628166,0.625540457,0.615580605,0.006257672,7,0.723064824,0.728306937,0.718375499,0.726968921,0.719227314,0.716468209,0.720716685,0.71664606,0.716817118,0.730465711,0.721705728,0.004949779,12,0.853807376,0.861477573,0.869226638,0.864141949,0.864004317,0.860496492,0.86227224,0.853776111,0.868485012,0.861562664,0.861925037,0.004902846,11,0.627045986,0.630795981,0.612140696,0.62737935,0.616006156,0.613741339,0.619084263,0.617470463,0.610246679,0.633995755,0.620790667,0.007934345,28
26,1.88197875,1.12432241,0.01546011,0.000260009,0.033598183,l2,100,sag,800,"{'logisticregression__C': 0.03359818286283781, 'logisticregression__max_iter': 800, 'logisticregression__penalty': 'l2', 'logisticregression__random_state': 100, 'logisticregression__solver': 'sag'}",0.645482272,0.650810516,0.653013217,0.642415548,0.646084016,0.641372659,0.646881709,0.642889067,0.647963528,0.648620075,0.646553261,0.003535202,3,0.624613959,0.632489191,0.623378629,0.629709697,0.626930204,0.619518221,0.61581223,0.623533045,0.617201977,0.630945028,0.624413218,0.005423091,3,0.713831666,0.721311475,0.715236427,0.719794344,0.714892613,0.708402367,0.706742103,0.711820331,0.709888824,0.720859612,0.714277976,0.004912543,13,0.804457416,0.812664908,0.822502685,0.815677966,0.81732326,0.807609282,0.803322615,0.806373862,0.819065622,0.809124279,0.81181219,0.006273536,13,0.641557342,0.648421053,0.632720512,0.644081974,0.635276846,0.630902192,0.630892256,0.637113838,0.626394052,0.649957877,0.637731794,0.007564296,8
27,2.988221955,2.523319029,0.015472984,0.00030288,0.088586679,l2,100,sag,800,"{'logisticregression__C': 0.08858667904100823, 'logisticregression__max_iter': 800, 'logisticregression__penalty': 'l2', 'logisticregression__random_state': 100, 'logisticregression__solver': 'sag'}",0.643033994,0.64776256,0.649603725,0.639252099,0.643605647,0.638343032,0.643741954,0.641315907,0.643274296,0.645175432,0.643510865,0.003285998,4,0.626312539,0.633570105,0.624305127,0.624305127,0.622606547,0.620135886,0.614731316,0.61998147,0.615348981,0.630481779,0.623177888,0.00571092,4,0.70631068,0.714886459,0.706832148,0.708308356,0.702459216,0.699266504,0.697318937,0.699768208,0.700276742,0.712759573,0.704818682,0.005671439,15,0.772088087,0.784960422,0.787593985,0.782309322,0.77846735,0.771721533,0.770096463,0.768077129,0.785849311,0.778447824,0.777961143,0.006755568,15,0.650861105,0.656298257,0.641092896,0.647097481,0.639973381,0.639248994,0.637109288,0.642617074,0.631510417,0.657294665,0.644310356,0.007976981,4
28,6.088042212,4.459638143,0.015314317,0.000314485,0.233572147,l2,100,sag,800,"{'logisticregression__C': 0.23357214690901212, 'logisticregression__max_iter': 800, 'logisticregression__penalty': 'l2', 'logisticregression__random_state': 100, 'logisticregression__solver': 'sag'}",0.636220982,0.639556225,0.641085753,0.631847242,0.636268243,0.630739497,0.63662636,0.63477294,0.632776574,0.637168335,0.635706215,0.003103886,8,0.620599135,0.626003706,0.614731316,0.617819642,0.614576899,0.606701668,0.615503397,0.612723904,0.608400247,0.624922792,0.616198271,0.006021543,6,0.695802897,0.702894995,0.69109818,0.697691462,0.689629445,0.681903335,0.692592593,0.686969546,0.68929184,0.701633706,0.6929508,0.00625052,17,0.74555585,0.755936675,0.749462943,0.756355932,0.748246087,0.736643281,0.751607717,0.737011248,0.759654334,0.748820136,0.748929421,0.00729101,17,0.652274838,0.656808803,0.641167011,0.647472229,0.63952952,0.634736108,0.64217033,0.643291258,0.630858937,0.660041599,0.644835063,0.008861843,3
29,2.232658386,1.831907176,0.01615355,0.001076518,0.615848211,l2,100,sag,800,"{'logisticregression__C': 0.615848211066026, 'logisticregression__max_iter': 800, 'logisticregression__penalty': 'l2', 'logisticregression__random_state': 100, 'logisticregression__solver': 'sag'}",0.627355569,0.628458517,0.629967484,0.621911488,0.626304208,0.620266482,0.627295176,0.625200564,0.620211252,0.627158159,0.62541289,0.003271468,10,0.613187153,0.617510809,0.610253243,0.608400247,0.606238419,0.597436689,0.609789994,0.605466337,0.601142681,0.612569487,0.608199506,0.005607268,8,0.68494529,0.691723709,0.683312422,0.686526576,0.67916457,0.669958223,0.683055312,0.676705049,0.678851175,0.687274087,0.682151641,0.005874802,18,0.722472804,0.733245383,0.731203008,0.735434322,0.728278467,0.713977334,0.729635584,0.716122121,0.737240076,0.722863136,0.727047223,0.007528298,18,0.651123864,0.654652532,0.641309468,0.643718127,0.636256483,0.631051753,0.642065551,0.641400816,0.629032258,0.655024947,0.64256358,0.008570945,5
30,3.187096095,0.072197801,0.015474153,0.000259201,1.623776739,l2,100,sag,800,"{'logisticregression__C': 1.623776739188721, 'logisticregression__max_iter': 800, 'logisticregression__penalty': 'l2', 'logisticregression__random_state': 100, 'logisticregression__solver': 'sag'}",0.617928539,0.616988902,0.617989378,0.610928672,0.615896556,0.608828692,0.617544193,0.614304768,0.607916662,0.61644424,0.61447706,0.00365259,13,0.603304509,0.60870908,0.598980852,0.60160593,0.600833848,0.591414453,0.604848672,0.594811612,0.595120445,0.605003088,0.600463249,0.005117777,11,0.674026139,0.68037336,0.670138448,0.677257943,0.671328671,0.660769231,0.674799848,0.663589744,0.669606855,0.677101742,0.671899198,0.005849235,20,0.704696206,0.711609499,0.708378088,0.716896186,0.712358338,0.695358877,0.711414791,0.69309052,0.71752633,0.703198741,0.707452758,0.007916965,20,0.645914397,0.651764137,0.635815859,0.641773352,0.634767973,0.629457743,0.641769398,0.636497787,0.627687219,0.652872444,0.639832031,0.0081545,7
31,6.608211279,0.13798311,0.015304923,0.000237638,4.281332399,l2,100,sag,800,"{'logisticregression__C': 4.281332398719396, 'logisticregression__max_iter': 800, 'logisticregression__penalty': 'l2', 'logisticregression__random_state': 100, 'logisticregression__solver': 'sag'}",0.60839438,0.606936288,0.606655174,0.600610778,0.606662043,0.598163092,0.609202696,0.604072636,0.597249392,0.606255395,0.604420187,0.004044631,15,0.597436689,0.59990735,0.593576282,0.590951204,0.590179123,0.585237801,0.600988264,0.59156887,0.585855466,0.59697344,0.593267449,0.005216438,13,0.666239918,0.670062397,0.662823469,0.664301103,0.659219312,0.651621271,0.66888775,0.65698353,0.658778626,0.667346419,0.662626379,0.005586113,21,0.690368798,0.694195251,0.694683136,0.694120763,0.69266055,0.677819752,0.699356913,0.678361007,0.699162841,0.686418458,0.690714747,0.007257961,21,0.643740722,0.647551071,0.633757962,0.636938032,0.628858403,0.627372627,0.640962672,0.636912245,0.622804907,0.649305556,0.63682042,0.008334053,9
32,13.23283222,0.45415906,0.015496063,0.000279854,11.28837892,l2,100,sag,800,"{'logisticregression__C': 11.288378916846883, 'logisticregression__max_iter': 800, 'logisticregression__penalty': 'l2', 'logisticregression__random_state': 100, 'logisticregression__solver': 'sag'}",0.600020798,0.598739384,0.597246334,0.591625078,0.599120755,0.588742034,0.602473017,0.595677858,0.588123936,0.597737014,0.595950621,0.004623964,19,0.592032119,0.593267449,0.588017295,0.57983323,0.584928968,0.576436072,0.599444101,0.589407041,0.583230389,0.587708462,0.587430513,0.006374907,15,0.660323991,0.662826421,0.655653072,0.652179471,0.651993786,0.641578466,0.665807781,0.6530985,0.654461657,0.657780056,0.65557032,0.006421404,23,0.681347838,0.683113456,0.682062299,0.675582627,0.679438748,0.662439288,0.692390139,0.670326727,0.690251148,0.672784478,0.678973675,0.008588797,23,0.640558743,0.643709597,0.631212724,0.630343464,0.62667994,0.621991386,0.641191067,0.636733656,0.622200584,0.643430291,0.633805145,0.008019874,11
33,23.82946789,1.08079559,0.015486169,0.000341489,29.76351442,l2,100,sag,800,"{'logisticregression__C': 29.763514416313132, 'logisticregression__max_iter': 800, 'logisticregression__penalty': 'l2', 'logisticregression__random_state': 100, 'logisticregression__solver': 'sag'}",0.593363432,0.592235318,0.590270839,0.584439148,0.592690066,0.581056186,0.596769743,0.589335798,0.580894196,0.591232251,0.589228698,0.005092049,21,0.588171711,0.587862878,0.58276714,0.579061149,0.579369981,0.574737492,0.5928042,0.580914145,0.576127239,0.584928968,0.58267449,0.005456907,18,0.655915366,0.657073108,0.649090909,0.649434156,0.646049896,0.638867034,0.658375437,0.64504316,0.64612608,0.655119323,0.650109447,0.006012707,25,0.674449456,0.674670185,0.671052632,0.668697034,0.670804101,0.657312466,0.680868167,0.660417783,0.676748582,0.669375983,0.670439639,0.006782109,25,0.638372677,0.640370649,0.628521127,0.63125,0.623057644,0.621428571,0.637321294,0.630368098,0.618154909,0.641457286,0.631030226,0.00785981,14
34,28.34390223,0.26773465,0.015697289,0.000285844,78.47599704,l2,100,sag,800,"{'logisticregression__C': 78.47599703514607, 'logisticregression__max_iter': 800, 'logisticregression__penalty': 'l2', 'logisticregression__random_state': 100, 'logisticregression__solver': 'sag'}",0.588828252,0.587661912,0.585626526,0.579121547,0.588162137,0.575837991,0.592018657,0.584627354,0.575837916,0.586411249,0.584413354,0.005315316,22,0.588789376,0.583075973,0.5785979,0.57566399,0.579215565,0.573965411,0.587862878,0.579524398,0.572266831,0.582149475,0.58011118,0.005204448,20,0.655275081,0.651972158,0.64415178,0.644777663,0.645689767,0.637021445,0.653601557,0.643072487,0.641284641,0.651647786,0.646849436,0.005662024,26,0.67153091,0.667282322,0.663265306,0.660487288,0.669994603,0.653264976,0.674705252,0.656936261,0.668647043,0.663607761,0.664972172,0.006390146,26,0.639787664,0.63734879,0.626108999,0.62979798,0.623086575,0.62156611,0.633778002,0.629781772,0.61607365,0.64011128,0.629744082,0.007705562,16
35,28.26562896,0.34538372,0.015893006,0.00028565,206.9138081,l2,100,sag,800,"{'logisticregression__C': 206.913808111479, 'logisticregression__max_iter': 800, 'logisticregression__penalty': 'l2', 'logisticregression__random_state': 100, 'logisticregression__solver': 'sag'}",0.586408007,0.585117398,0.583124001,0.57606197,0.585677046,0.573207269,0.589327509,0.581887925,0.573064071,0.583661484,0.581753668,0.005405687,24,0.584928968,0.581840642,0.576899321,0.57442866,0.577671402,0.571957999,0.587090797,0.577516986,0.571185917,0.582149475,0.578567017,0.005066079,22,0.651271406,0.650670795,0.642204231,0.643190057,0.644019263,0.634493671,0.65245646,0.641133263,0.639678215,0.651558074,0.645067543,0.00579448,28,0.66595914,0.665435356,0.660311493,0.657838983,0.667566109,0.649217485,0.672561629,0.654525978,0.665676479,0.663345569,0.662243822,0.006512737,27,0.637217568,0.636547198,0.625063549,0.629179331,0.622076942,0.620422898,0.633518425,0.628277635,0.615634366,0.640182186,0.62881201,0.007653613,17
36,28.30237186,0.245007209,0.015702295,0.000398893,545.5594781,l2,100,sag,800,"{'logisticregression__C': 545.5594781168514, 'logisticregression__max_iter': 800, 'logisticregression__penalty': 'l2', 'logisticregression__random_state': 100, 'logisticregression__solver': 'sag'}",0.585347109,0.583952558,0.582023932,0.574694562,0.584608918,0.572076699,0.588106585,0.580699289,0.571842657,0.582492257,0.580584457,0.005440795,25,0.584774552,0.580914145,0.57566399,0.574274243,0.577825818,0.570259419,0.586318715,0.575972823,0.570413836,0.58153181,0.577794935,0.005259139,29,0.651096406,0.649806452,0.640690377,0.643199172,0.644010417,0.632704237,0.651670784,0.639821616,0.638888889,0.651132853,0.64430212,0.00612904,29,0.665693818,0.664379947,0.657894737,0.658103814,0.667296276,0.646788991,0.671489818,0.653186931,0.664596273,0.663083377,0.661251398,0.006934006,29,0.637125444,0.635858586,0.624362895,0.628954695,0.622294917,0.61921984,0.632988128,0.626992288,0.615096226,0.639605463,0.628249848,0.00771542,18
37,28.30822501,0.378814838,0.015784311,0.000271416,1438.449888,l2,100,sag,800,"{'logisticregression__C': 1438.44988828766, 'logisticregression__max_iter': 800, 'logisticregression__penalty': 'l2', 'logisticregression__random_state': 100, 'logisticregression__solver': 'sag'}",0.584938001,0.583477211,0.581586597,0.574136849,0.584186342,0.57162675,0.587620676,0.580216021,0.571373354,0.58201259,0.580117439,0.005453975,26,0.585392217,0.580142063,0.575046325,0.573656578,0.577208153,0.570105003,0.58570105,0.575046325,0.569950587,0.581840642,0.577408894,0.005420892,32,0.651615415,0.649206554,0.640073241,0.642588997,0.6435824,0.632426723,0.651332034,0.639034627,0.638358655,0.651300541,0.643951919,0.006325673,32,0.666224463,0.663852243,0.657089151,0.657309322,0.667026444,0.646249325,0.671489818,0.652383503,0.663786119,0.663083377,0.660849377,0.007172189,32,0.637633316,0.635193133,0.623916369,0.628513548,0.621730382,0.61918304,0.63234923,0.62622108,0.614807404,0.63992915,0.627947665,0.007854494,22
38,28.23287935,0.455312265,0.015338135,0.000548479,3792.690191,l2,100,sag,800,"{'logisticregression__C': 3792.690190732246, 'logisticregression__max_iter': 800, 'logisticregression__penalty': 'l2', 'logisticregression__random_state': 100, 'logisticregression__solver': 'sag'}",0.584776769,0.583301572,0.581411937,0.573921159,0.584005545,0.5714517,0.587457698,0.580020975,0.571187444,0.581840323,0.579937512,0.005462675,27,0.585237801,0.579678814,0.575046325,0.573965411,0.577825818,0.570259419,0.58570105,0.575046325,0.569950587,0.582149475,0.577486103,0.005362405,31,0.651530877,0.648955378,0.640073241,0.642755406,0.644010417,0.632607261,0.651332034,0.639034627,0.638358655,0.651468315,0.644012621,0.006277304,31,0.666224463,0.663852243,0.657089151,0.657309322,0.667296276,0.646519158,0.671489818,0.652383503,0.663786119,0.663083377,0.660903343,0.007141245,31,0.637471439,0.634712412,0.623916369,0.628832024,0.622294917,0.619281468,0.63234923,0.62622108,0.614807404,0.640253165,0.628013951,0.007790743,20
39,22.6386523,3.376895392,0.009118509,0.000691572,10000,l2,100,sag,800,"{'logisticregression__C': 10000.0, 'logisticregression__max_iter': 800, 'logisticregression__penalty': 'l2', 'logisticregression__random_state': 100, 'logisticregression__solver': 'sag'}",0.58471306,0.58323497,0.581354855,0.573840729,0.583933459,0.571382927,0.587387194,0.579953681,0.571122779,0.581778666,0.579870232,0.005463967,28,0.585237801,0.57983323,0.575046325,0.573810994,0.578134651,0.570105003,0.58570105,0.575200741,0.570105003,0.582149475,0.577532427,0.005374686,30,0.651440436,0.649129594,0.640073241,0.642579643,0.644270833,0.632523759,0.651332034,0.639118457,0.638441558,0.651468315,0.644037787,0.006285961,30,0.66595914,0.664116095,0.657089151,0.657044492,0.667566109,0.646519158,0.671489818,0.652383503,0.663786119,0.663083377,0.660903696,0.007171771,30,0.637541275,0.63480454,0.623916369,0.628737962,0.622546553,0.619121447,0.63234923,0.626382103,0.614961221,0.640253165,0.628061387,0.007776713,19