,mean_fit_time,std_fit_time,mean_score_time,std_score_time,param_randomforestclassifier__max_features,param_randomforestclassifier__n_estimators,param_randomforestclassifier__n_jobs,param_randomforestclassifier__random_state,params,split0_test_roc_auc,split1_test_roc_auc,split2_test_roc_auc,split3_test_roc_auc,split4_test_roc_auc,split5_test_roc_auc,split6_test_roc_auc,split7_test_roc_auc,split8_test_roc_auc,split9_test_roc_auc,mean_test_roc_auc,std_test_roc_auc,rank_test_roc_auc,split0_test_accuracy,split1_test_accuracy,split2_test_accuracy,split3_test_accuracy,split4_test_accuracy,split5_test_accuracy,split6_test_accuracy,split7_test_accuracy,split8_test_accuracy,split9_test_accuracy,mean_test_accuracy,std_test_accuracy,rank_test_accuracy,split0_test_f1,split1_test_f1,split2_test_f1,split3_test_f1,split4_test_f1,split5_test_f1,split6_test_f1,split7_test_f1,split8_test_f1,split9_test_f1,mean_test_f1,std_test_f1,rank_test_f1,split0_test_recall,split1_test_recall,split2_test_recall,split3_test_recall,split4_test_recall,split5_test_recall,split6_test_recall,split7_test_recall,split8_test_recall,split9_test_recall,mean_test_recall,std_test_recall,rank_test_recall,split0_test_precision,split1_test_precision,split2_test_precision,split3_test_precision,split4_test_precision,split5_test_precision,split6_test_precision,split7_test_precision,split8_test_precision,split9_test_precision,mean_test_precision,std_test_precision,rank_test_precision
0,5.303544736,0.313522016,0.654016662,0.145232738,1,10,-1,100,"{'randomforestclassifier__max_features': 1, 'randomforestclassifier__n_estimators': 10, 'randomforestclassifier__n_jobs': -1, 'randomforestclassifier__random_state': 100}",0.518221825,0.529108128,0.52161659,0.522676407,0.537489845,0.52612604,0.5286919,0.527197101,0.515297973,0.534325523,0.526075133,0.00651862,100,0.519765287,0.535361334,0.532581841,0.526714021,0.536133416,0.532118592,0.525787523,0.533508338,0.523162446,0.539067326,0.530420012,0.005918799,100,0.579274892,0.601298529,0.594507703,0.585978657,0.595584276,0.593288591,0.587397555,0.595852843,0.586613119,0.601628186,0.592142435,0.006804323,100,0.568055187,0.598680739,0.595864662,0.574417373,0.596869941,0.596330275,0.585744909,0.596411355,0.59168242,0.590980598,0.589503746,0.009909348,100,0.590946729,0.603939313,0.59315691,0.598014888,0.594304138,0.590277778,0.589059553,0.595295376,0.581629944,0.612666485,0.594929111,0.008110484,67
1,7.83369472,1.642084595,1.274015307,0.23942599,1,20,-1,100,"{'randomforestclassifier__max_features': 1, 'randomforestclassifier__n_estimators': 20, 'randomforestclassifier__n_jobs': -1, 'randomforestclassifier__random_state': 100}",0.535567066,0.539738152,0.53479078,0.535033447,0.548979555,0.543348478,0.534492581,0.542705331,0.533147995,0.540385436,0.538818882,0.004839064,97,0.550030883,0.554817789,0.549722051,0.550648548,0.556825201,0.556516368,0.547405806,0.560531192,0.542618901,0.556979617,0.552609636,0.005152532,95,0.641574416,0.6492274,0.641240157,0.644167278,0.646899606,0.650012186,0.639704978,0.653096051,0.634049914,0.645671236,0.644564322,0.005340468,94,0.691960732,0.703957784,0.699785177,0.697563559,0.709390178,0.719643821,0.69721329,0.717461168,0.692951661,0.685369691,0.701529706,0.010551372,94,0.598027975,0.602393317,0.591734787,0.59836438,0.594527363,0.592666667,0.590960709,0.599328859,0.584377135,0.610319869,0.596270106,0.006767164,55
2,11.17142932,0.609070905,1.264252782,0.176630225,1,30,-1,100,"{'randomforestclassifier__max_features': 1, 'randomforestclassifier__n_estimators': 30, 'randomforestclassifier__n_jobs': -1, 'randomforestclassifier__random_state': 100}",0.545379044,0.550203488,0.552673439,0.539131111,0.559838422,0.548999427,0.54326291,0.54477011,0.545808659,0.550015227,0.548008184,0.005432354,92,0.564082767,0.5643916,0.574891909,0.560531192,0.571031501,0.567943175,0.560994441,0.560067943,0.560067943,0.564854849,0.564885732,0.004781822,90,0.667451997,0.67277578,0.679174921,0.666275797,0.673330198,0.675631811,0.667290813,0.666900503,0.665256727,0.668782323,0.670287087,0.004417662,89,0.751658265,0.765171504,0.782491944,0.752383475,0.772531031,0.786292499,0.763933548,0.76379218,0.764515258,0.745936025,0.764870573,0.01232624,89,0.600211864,0.600289795,0.599958822,0.597853535,0.596706961,0.592276423,0.592354041,0.59182403,0.588810316,0.606092885,0.596637867,0.004998357,53
3,11.29090405,1.29075694,1.520554113,0.134016535,1,40,-1,100,"{'randomforestclassifier__max_features': 1, 'randomforestclassifier__n_estimators': 40, 'randomforestclassifier__n_jobs': -1, 'randomforestclassifier__random_state': 100}",0.553618445,0.551303151,0.561466234,0.55065472,0.558726019,0.547279804,0.546819388,0.549854775,0.550942117,0.556661871,0.552732652,0.004593136,90,0.569950587,0.572575664,0.581222977,0.571957999,0.572112415,0.57149475,0.56979617,0.56732551,0.571340334,0.576281655,0.572405806,0.003656407,86,0.682765691,0.68680697,0.694869487,0.685071575,0.683278089,0.686759228,0.684270172,0.68431726,0.683538532,0.68825267,0.685992967,0.003399761,84,0.795171133,0.800791557,0.829215897,0.798463983,0.806529951,0.820831085,0.808949625,0.813336904,0.809613827,0.794179339,0.80770833,0.010707651,83,0.598203593,0.601228209,0.597986057,0.599880621,0.592702756,0.590335727,0.592890809,0.590626215,0.591438153,0.607257418,0.596254956,0.00528757,56
4,18.66622555,2.132599252,2.16480329,0.125766874,1,50,-1,100,"{'randomforestclassifier__max_features': 1, 'randomforestclassifier__n_estimators': 50, 'randomforestclassifier__n_jobs': -1, 'randomforestclassifier__random_state': 100}",0.558378419,0.553949925,0.562513709,0.55591548,0.561405448,0.555151418,0.553648719,0.552344709,0.559393126,0.558278656,0.557097961,0.003252296,87,0.574737492,0.576899321,0.578443484,0.576127239,0.574274243,0.568869673,0.580759728,0.572112415,0.578289067,0.574274243,0.575478691,0.003247739,84,0.693181818,0.69609583,0.697875166,0.694966107,0.693086942,0.692849285,0.698098521,0.694116348,0.696589268,0.692402098,0.694926138,0.002016475,80,0.825417883,0.827968338,0.846670247,0.828125,0.839989207,0.849703184,0.841103966,0.841992501,0.846610856,0.813581542,0.836116272,0.01110429,78,0.597464951,0.600459242,0.593561747,0.598698066,0.589918514,0.584881129,0.596654628,0.590422535,0.591732729,0.60264129,0.594643483,0.005208847,70
5,23.75082924,0.847949812,2.494416881,0.217969263,1,60,-1,100,"{'randomforestclassifier__max_features': 1, 'randomforestclassifier__n_estimators': 60, 'randomforestclassifier__n_jobs': -1, 'randomforestclassifier__random_state': 100}",0.564234133,0.558182268,0.567517589,0.561436755,0.565300975,0.55847036,0.557153882,0.558306884,0.564332542,0.564590715,0.56195261,0.003506228,83,0.575200741,0.582921557,0.584928968,0.581686226,0.575818406,0.574274243,0.582921557,0.575972823,0.582458308,0.587708462,0.580389129,0.004446117,80,0.6993114,0.705291871,0.708838821,0.705511469,0.698165037,0.70152647,0.704129697,0.701196953,0.703573778,0.706979807,0.70345253,0.003216417,76,0.848766251,0.852770449,0.878625134,0.859375,0.8572585,0.87425796,0.861200429,0.862881628,0.866594653,0.844520189,0.860625019,0.010126734,71,0.594609665,0.601302326,0.594045025,0.598377282,0.588878591,0.585789188,0.595516027,0.590542522,0.592175678,0.60796527,0.594920158,0.006088079,68
6,29.11082673,0.854847294,2.490641522,0.191615314,1,70,-1,100,"{'randomforestclassifier__max_features': 1, 'randomforestclassifier__n_estimators': 70, 'randomforestclassifier__n_jobs': -1, 'randomforestclassifier__random_state': 100}",0.56634054,0.562994134,0.573264557,0.563473399,0.566186553,0.565350461,0.562978634,0.562129272,0.563913831,0.568638142,0.565526952,0.003192973,81,0.584928968,0.58570105,0.588326127,0.584928968,0.577671402,0.57273008,0.585392217,0.575355158,0.583848054,0.586473132,0.582535516,0.00501758,79,0.709907188,0.710914772,0.712839293,0.712697734,0.7041004,0.70314344,0.709384132,0.704173838,0.709496605,0.709039548,0.708569695,0.003362203,71,0.872645264,0.870448549,0.888560687,0.882944915,0.878035618,0.88424177,0.878081458,0.876539904,0.88873886,0.85553225,0.877576927,0.009386748,66,0.59832636,0.600801311,0.595143885,0.597491039,0.587682861,0.583615316,0.595060832,0.588457389,0.590419806,0.605380334,0.594237913,0.0063232,72
7,32.2084542,1.980640982,3.010645556,0.374796348,1,80,-1,100,"{'randomforestclassifier__max_features': 1, 'randomforestclassifier__n_estimators': 80, 'randomforestclassifier__n_jobs': -1, 'randomforestclassifier__random_state': 100}",0.57002805,0.564786679,0.57622198,0.570179349,0.570968972,0.568600046,0.566874203,0.560945959,0.564188898,0.569960626,0.568275476,0.004057097,77,0.585546634,0.589407041,0.587090797,0.587399629,0.578752316,0.574891909,0.585392217,0.576281655,0.584620136,0.590951204,0.584033354,0.00522913,76,0.71410311,0.716554738,0.714560205,0.715926005,0.708047945,0.707532136,0.712803508,0.708147203,0.713647009,0.715742032,0.712706389,0.00331561,66,0.889360573,0.886807388,0.898764769,0.891684322,0.892606584,0.898542903,0.892818864,0.891537225,0.90521199,0.874410068,0.892174469,0.007794304,60,0.596547428,0.601144697,0.593019135,0.598046181,0.586732884,0.583493955,0.593199217,0.587332392,0.589000176,0.605812897,0.593432896,0.006666953,77
8,37.89088244,2.32941334,2.966659737,0.167193425,1,90,-1,100,"{'randomforestclassifier__max_features': 1, 'randomforestclassifier__n_estimators': 90, 'randomforestclassifier__n_jobs': -1, 'randomforestclassifier__random_state': 100}",0.572855003,0.568379283,0.576686148,0.569211246,0.574513522,0.571071207,0.57240117,0.563051758,0.565934249,0.571524568,0.570562816,0.003838679,76,0.58570105,0.589561458,0.588480544,0.587862878,0.580296479,0.580296479,0.584002471,0.579369981,0.586164299,0.593421865,0.58551575,0.004337862,72,0.7152107,0.72044594,0.71742127,0.719082202,0.711158342,0.714015152,0.714316013,0.713323511,0.716402116,0.718966805,0.716034205,0.002797177,61,0.893871053,0.903693931,0.908431794,0.904661017,0.902860227,0.915542364,0.902465166,0.907605785,0.914123683,0.883062402,0.903631742,0.009012022,55,0.596072187,0.598985659,0.592780796,0.596681223,0.586605891,0.585201794,0.591084591,0.587552011,0.589002958,0.60630063,0.593026774,0.006219227,81
9,39.37646337,2.254853667,3.167299747,0.337431132,1,100,-1,100,"{'randomforestclassifier__max_features': 1, 'randomforestclassifier__n_estimators': 100, 'randomforestclassifier__n_jobs': -1, 'randomforestclassifier__random_state': 100}",0.57522237,0.573332898,0.581111257,0.572271755,0.575500165,0.576767794,0.575739107,0.566872436,0.570571477,0.573550449,0.574093971,0.003620807,73,0.587554046,0.594657196,0.591105621,0.589098209,0.580142063,0.580450896,0.588943792,0.58153181,0.584002471,0.594348363,0.587183447,0.005161849,59,0.718278663,0.724986904,0.721614802,0.720981441,0.712183762,0.715705765,0.719435076,0.716527197,0.716719243,0.722039996,0.718847285,0.003534883,56,0.903422659,0.91292876,0.921589689,0.910487288,0.907717215,0.922827847,0.914523044,0.91724692,0.920334864,0.894598846,0.912567713,0.008409586,49,0.596113445,0.601216334,0.592950933,0.596771394,0.585960634,0.584515467,0.592946491,0.587881909,0.586877906,0.6052865,0.593052101,0.006538931,80
10,42.93328664,1.426277306,3.578935862,0.235259765,1,110,-1,100,"{'randomforestclassifier__max_features': 1, 'randomforestclassifier__n_estimators': 110, 'randomforestclassifier__n_jobs': -1, 'randomforestclassifier__random_state': 100}",0.574486388,0.575905064,0.584750052,0.573740339,0.576973432,0.577933919,0.579258722,0.571786864,0.568665342,0.577785804,0.576128593,0.004169507,70,0.587245213,0.594193947,0.592186535,0.596046943,0.577825818,0.578906733,0.585237801,0.577516986,0.580759728,0.59697344,0.586689314,0.007353265,66,0.720543649,0.726192957,0.724004598,0.727386411,0.713176668,0.716026242,0.718448637,0.715355805,0.71615264,0.726357727,0.720364533,0.004994618,53,0.914300876,0.919525066,0.930182599,0.924258475,0.91716136,0.927684835,0.918274384,0.920728441,0.924925736,0.908232826,0.92052746,0.006205607,44,0.594547964,0.600034435,0.592643285,0.599656357,0.583419156,0.583008309,0.590048209,0.584892821,0.58427158,0.605171209,0.591769333,0.007560145,84
11,49.91845214,2.006290083,3.882151437,0.416752207,1,120,-1,100,"{'randomforestclassifier__max_features': 1, 'randomforestclassifier__n_estimators': 120, 'randomforestclassifier__n_jobs': -1, 'randomforestclassifier__random_state': 100}",0.576469003,0.580749101,0.58949077,0.575319611,0.581114049,0.580562937,0.580108183,0.571825053,0.569419401,0.579580913,0.578463902,0.005309784,67,0.58446572,0.591260037,0.590333539,0.594811612,0.575972823,0.578906733,0.585546634,0.579524398,0.577825818,0.594966028,0.585361334,0.006801263,73,0.720357477,0.726068509,0.725049228,0.72780083,0.713779445,0.71720419,0.719715957,0.718203456,0.715800416,0.726742369,0.721072188,0.004740491,51,0.919607323,0.925593668,0.939312567,0.929025424,0.923907178,0.933081489,0.923365488,0.92929834,0.929786659,0.914525433,0.926750357,0.006634232,38,0.592073796,0.597309722,0.590379747,0.598226467,0.581521739,0.582449048,0.589664613,0.585258897,0.581882711,0.602938634,0.590170537,0.007141763,91
12,54.41353538,2.804690563,4.159612489,0.265018774,1,130,-1,100,"{'randomforestclassifier__max_features': 1, 'randomforestclassifier__n_estimators': 130, 'randomforestclassifier__n_jobs': -1, 'randomforestclassifier__random_state': 100}",0.582059984,0.579897426,0.591370567,0.578097928,0.584480187,0.582830409,0.581021947,0.573572113,0.570670032,0.582615966,0.580661656,0.005450879,65,0.589407041,0.59156887,0.589407041,0.594966028,0.582303891,0.581068561,0.586627548,0.581377393,0.581068561,0.596201359,0.587399629,0.005505975,58,0.724712703,0.727403896,0.725734915,0.729224734,0.719252724,0.72068362,0.721290994,0.720659454,0.719702449,0.72943611,0.72381016,0.00376955,43,0.928628283,0.931134565,0.944683136,0.935381356,0.934970318,0.944414463,0.928188639,0.936529191,0.940588712,0.924226534,0.93487452,0.006587555,30,0.594227504,0.596820565,0.589181042,0.597530029,0.584415584,0.582653571,0.58981781,0.585664043,0.582831325,0.602461118,0.590560259,0.006551975,89
13,59.03100536,1.841174612,4.202725601,0.2694505,1,140,-1,100,"{'randomforestclassifier__max_features': 1, 'randomforestclassifier__n_estimators': 140, 'randomforestclassifier__n_jobs': -1, 'randomforestclassifier__random_state': 100}",0.581531887,0.583167239,0.590214733,0.57896309,0.586357716,0.580002767,0.581514496,0.573132015,0.573068356,0.586458427,0.581441073,0.005259939,63,0.587090797,0.590487956,0.587245213,0.594348363,0.581686226,0.577671402,0.58863496,0.580914145,0.579678814,0.594657196,0.586241507,0.005724348,68,0.724500309,0.728111544,0.724858466,0.730148947,0.720289107,0.719343253,0.7244518,0.721240756,0.720016458,0.729241877,0.724220252,0.003766112,42,0.932873441,0.936939314,0.945488722,0.941207627,0.941176471,0.945763627,0.938370847,0.940278522,0.945179584,0.926848453,0.939412661,0.005704532,23,0.592218292,0.595405768,0.587714906,0.596408793,0.583375146,0.580394105,0.589959569,0.584971676,0.581491942,0.60108825,0.589302845,0.006575417,95
14,64.24635022,1.432532005,4.756557798,0.315285948,1,150,-1,100,"{'randomforestclassifier__max_features': 1, 'randomforestclassifier__n_estimators': 150, 'randomforestclassifier__n_jobs': -1, 'randomforestclassifier__random_state': 100}",0.586247461,0.585219363,0.591874057,0.580068611,0.586941266,0.582268825,0.581953679,0.574393659,0.576362486,0.589809993,0.58351394,0.005308831,59,0.58693638,0.592340951,0.589561458,0.594502779,0.582921557,0.579061149,0.587554046,0.58153181,0.579678814,0.596201359,0.58702903,0.005826715,62,0.725161821,0.729674381,0.727216749,0.730500821,0.721804511,0.720582206,0.724610785,0.722336066,0.720820513,0.731381613,0.725408946,0.003880024,37,0.936322632,0.940105541,0.951396348,0.94253178,0.945493794,0.948461954,0.941586281,0.944027852,0.948960302,0.933403251,0.943228973,0.00538413,17,0.591716968,0.596218206,0.588538206,0.596347185,0.583708146,0.580991736,0.588905648,0.584965151,0.581114602,0.601249789,0.589375564,0.006579742,94
15,66.94378145,3.169783234,4.992312431,0.29384917,1,160,-1,100,"{'randomforestclassifier__max_features': 1, 'randomforestclassifier__n_estimators': 160, 'randomforestclassifier__n_jobs': -1, 'randomforestclassifier__random_state': 100}",0.586430991,0.585858021,0.594489868,0.581554898,0.589609493,0.583631432,0.583151362,0.574742094,0.576854967,0.589835158,0.584615828,0.005698396,57,0.589252625,0.593730698,0.588017295,0.592186535,0.583539222,0.579061149,0.585855466,0.580142063,0.583075973,0.595429277,0.58702903,0.005367472,62,0.727849396,0.731283832,0.727309894,0.729765681,0.724092072,0.721723152,0.724244294,0.722239248,0.723360656,0.731447314,0.726331554,0.003491888,32,0.943751658,0.944591029,0.955424275,0.944385593,0.954937938,0.953858608,0.943729904,0.946705945,0.953281123,0.935500787,0.947616686,0.006187658,11,0.592339717,0.596567239,0.587128713,0.594630649,0.583127369,0.58045977,0.587587588,0.583815029,0.582796764,0.600471222,0.588892406,0.006402173,96
16,72.1328397,2.11337289,5.069684529,0.281138221,1,170,-1,100,"{'randomforestclassifier__max_features': 1, 'randomforestclassifier__n_estimators': 170, 'randomforestclassifier__n_jobs': -1, 'randomforestclassifier__random_state': 100}",0.588784391,0.588682448,0.595777234,0.582503727,0.589770564,0.583625733,0.586790648,0.576344262,0.579845252,0.590505166,0.586262943,0.005421857,54,0.591414453,0.591877702,0.587245213,0.594811612,0.582458308,0.578289067,0.588017295,0.57983323,0.583075973,0.594039531,0.587106238,0.005640086,61,0.730440098,0.730937595,0.727272727,0.732408729,0.7239126,0.721922411,0.726751331,0.722658241,0.724264706,0.730938491,0.727150693,0.003655965,28,0.951180685,0.947229551,0.957035446,0.951006356,0.956556935,0.956556935,0.950696677,0.949384039,0.957601944,0.936287362,0.951353593,0.006115023,6,0.592855962,0.595060501,0.586473589,0.595522388,0.582293035,0.579721995,0.588196286,0.583347046,0.582361636,0.599462817,0.588529526,0.006446037,97
17,77.37486496,2.044705784,5.392537618,0.386108899,1,180,-1,100,"{'randomforestclassifier__max_features': 1, 'randomforestclassifier__n_estimators': 180, 'randomforestclassifier__n_jobs': -1, 'randomforestclassifier__random_state': 100}",0.590994055,0.59101311,0.595871053,0.583896834,0.590012001,0.585917996,0.588235532,0.578588606,0.58073424,0.594107694,0.587937112,0.005328236,52,0.590024707,0.592340951,0.587090797,0.592649784,0.582149475,0.579987647,0.587554046,0.581222977,0.584774552,0.593576282,0.587137122,0.004732828,60,0.730210344,0.731707317,0.727643105,0.731528598,0.724496029,0.723183391,0.727254161,0.724165989,0.725752167,0.731811698,0.72777528,0.00317834,25,0.953303263,0.949868074,0.959183673,0.951800847,0.96006476,0.958715596,0.954180064,0.953401178,0.96084256,0.941531201,0.954289122,0.00556893,4,0.591732543,0.595041322,0.586150312,0.594049587,0.58175278,0.580555556,0.587526811,0.583797967,0.583087512,0.5985,0.588219439,0.005914055,98
18,79.51011961,1.016336306,5.688103414,0.65792661,1,190,-1,100,"{'randomforestclassifier__max_features': 1, 'randomforestclassifier__n_estimators': 190, 'randomforestclassifier__n_jobs': -1, 'randomforestclassifier__random_state': 100}",0.593122417,0.590970674,0.59928474,0.584461806,0.592082017,0.587646922,0.588778762,0.579591182,0.581947036,0.59649633,0.589438189,0.005925982,48,0.58987029,0.590951204,0.58987029,0.592186535,0.579678814,0.577825818,0.58693638,0.578752316,0.583384805,0.595583694,0.586504015,0.005908235,67,0.731065209,0.731692495,0.730136151,0.732068581,0.723486388,0.722267371,0.72712435,0.723214286,0.725645719,0.733814412,0.728051496,0.004004692,24,0.957813744,0.953034301,0.964822771,0.955508475,0.960874258,0.959255262,0.954983923,0.954472416,0.963543073,0.946512847,0.957082107,0.005129166,2,0.591124939,0.593785961,0.587283426,0.593323467,0.580156403,0.579178886,0.587053204,0.582162692,0.581960528,0.599170124,0.587519963,0.006366652,99
19,78.02846513,3.4521399,4.548429632,0.438596817,1,200,-1,100,"{'randomforestclassifier__max_features': 1, 'randomforestclassifier__n_estimators': 200, 'randomforestclassifier__n_jobs': -1, 'randomforestclassifier__random_state': 100}",0.594523911,0.593050303,0.603582464,0.58654352,0.595306177,0.5889071,0.592254386,0.57960842,0.58365129,0.597069518,0.591449709,0.006617292,45,0.592495368,0.592958616,0.58863496,0.592186535,0.577671402,0.577671402,0.587399629,0.579524398,0.583539222,0.596664608,0.586874614,0.006561948,65,0.732867699,0.733414239,0.729323308,0.73271936,0.722250432,0.723037975,0.727735888,0.724420605,0.725942486,0.735145001,0.728685699,0.004451692,18,0.960466967,0.956728232,0.963748657,0.958686441,0.959525094,0.963302752,0.956859593,0.958489555,0.964623278,0.950445726,0.95928763,0.003969406,1,0.592471358,0.594621187,0.586629618,0.592956593,0.579058785,0.578699951,0.587142387,0.582235237,0.581948517,0.599371693,0.587513533,0.006739826,100
20,7.918934417,0.5048669,1.218049622,0.195965269,2,10,-1,100,"{'randomforestclassifier__max_features': 2, 'randomforestclassifier__n_estimators': 10, 'randomforestclassifier__n_jobs': -1, 'randomforestclassifier__random_state': 100}",0.530007842,0.531264575,0.531442273,0.538178996,0.521870233,0.522665752,0.530892355,0.52388572,0.537354387,0.52358112,0.529114325,0.005622145,99,0.533971587,0.534743669,0.534589253,0.544626313,0.527486103,0.529030266,0.534434836,0.5284126,0.540302656,0.523780111,0.533137739,0.005908396,99,0.593042071,0.603604789,0.594347241,0.608106312,0.586486486,0.588837962,0.59140805,0.59355869,0.600241708,0.585037675,0.594467098,0.007066761,99,0.583443884,0.605277045,0.592910849,0.605932203,0.585536967,0.589314625,0.584673098,0.597214783,0.603564677,0.570005244,0.591787337,0.010914858,99,0.602961338,0.601941748,0.59579061,0.610296079,0.58743909,0.588362069,0.598299973,0.58994709,0.596955128,0.600884467,0.597287759,0.00685513,47
21,11.63546476,1.185702195,1.489242959,0.148216033,2,20,-1,100,"{'randomforestclassifier__max_features': 2, 'randomforestclassifier__n_estimators': 20, 'randomforestclassifier__n_jobs': -1, 'randomforestclassifier__random_state': 100}",0.548398299,0.535203793,0.549352107,0.546752884,0.543294414,0.5390238,0.534216963,0.531546365,0.540775216,0.533012839,0.540157668,0.00626486,96,0.559913527,0.546016059,0.554200124,0.56562693,0.554200124,0.548641137,0.543390982,0.554508956,0.55265596,0.554972205,0.5534126,0.006122154,94,0.646314222,0.638109306,0.645200934,0.656406498,0.644501909,0.639536318,0.631801768,0.648642066,0.641327225,0.644636252,0.64364765,0.006262974,95,0.690899443,0.683905013,0.704887218,0.711599576,0.706152186,0.699676201,0.679796356,0.713176219,0.699432892,0.685369691,0.697489479,0.011275631,95,0.60713453,0.598061837,0.594833447,0.609158921,0.592751982,0.588916648,0.590137241,0.594817958,0.592135345,0.608472998,0.597642091,0.007367403,44
22,12.34592984,0.451786283,1.737792277,0.167578465,2,30,-1,100,"{'randomforestclassifier__max_features': 2, 'randomforestclassifier__n_estimators': 30, 'randomforestclassifier__n_jobs': -1, 'randomforestclassifier__random_state': 100}",0.558500592,0.54320217,0.549856134,0.550331823,0.552044592,0.538782265,0.542960193,0.539971078,0.544652054,0.538726939,0.545902784,0.00621746,93,0.576127239,0.563001853,0.562847437,0.568869673,0.564700432,0.550957381,0.560531192,0.556825201,0.552501544,0.561612106,0.561797406,0.007047138,92,0.674724493,0.668229777,0.665326871,0.675273319,0.669480596,0.657801836,0.664545026,0.664876226,0.660417155,0.668379862,0.666905516,0.005280841,90,0.755372778,0.751978892,0.755639098,0.768802966,0.770372369,0.754182407,0.755359057,0.762453133,0.761004591,0.750131096,0.758529639,0.006542404,90,0.609635974,0.601265823,0.594297782,0.602032352,0.591955215,0.583263773,0.593223906,0.589440994,0.583316084,0.60269644,0.595112834,0.008246866,66
23,17.54053288,0.698888178,1.900371122,0.237282204,2,40,-1,100,"{'randomforestclassifier__max_features': 2, 'randomforestclassifier__n_estimators': 40, 'randomforestclassifier__n_jobs': -1, 'randomforestclassifier__random_state': 100}",0.560703738,0.55790766,0.55838284,0.563840876,0.560834465,0.543516125,0.553136591,0.551610382,0.552361225,0.54713806,0.554943196,0.006166157,88,0.576744904,0.57566399,0.569487338,0.580450896,0.572575664,0.56562693,0.570722668,0.567479926,0.562384188,0.569641754,0.571077826,0.005159469,88,0.686133059,0.687585266,0.680128499,0.693652046,0.685383042,0.676852384,0.681849393,0.681088466,0.676114286,0.684835463,0.68336219,0.005004722,85,0.794905811,0.797889182,0.795918367,0.814618644,0.813545602,0.794927145,0.798231511,0.801017675,0.798811774,0.793917147,0.800378286,0.007149358,85,0.603545528,0.60407511,0.59375,0.603966228,0.592105263,0.589317864,0.595085897,0.592394534,0.586090747,0.602107775,0.596243894,0.006318417,57
24,21.58243828,1.834446375,2.134606242,0.189639591,2,50,-1,100,"{'randomforestclassifier__max_features': 2, 'randomforestclassifier__n_estimators': 50, 'randomforestclassifier__n_jobs': -1, 'randomforestclassifier__random_state': 100}",0.567410602,0.563263241,0.562526638,0.569775826,0.57019878,0.546476832,0.563686795,0.559245682,0.558314673,0.554037539,0.561493661,0.006961682,84,0.579369981,0.583384805,0.57566399,0.584620136,0.57983323,0.56562693,0.582921557,0.577208153,0.570105003,0.582458308,0.578119209,0.005861091,82,0.694207454,0.698345259,0.69179004,0.702630997,0.696689332,0.685241132,0.699722068,0.696047957,0.688938547,0.700487373,0.695410016,0.005167317,79,0.820376758,0.824010554,0.828141783,0.841631356,0.843227199,0.826227739,0.843247588,0.839582217,0.832568188,0.829050865,0.832806425,0.008077525,80,0.601673477,0.605937136,0.593990755,0.603036053,0.59354226,0.585356528,0.597947938,0.594425484,0.587573852,0.606444189,0.596992767,0.006930374,49
25,24.05859077,1.031345058,2.384374666,0.138992114,2,60,-1,100,"{'randomforestclassifier__max_features': 2, 'randomforestclassifier__n_estimators': 60, 'randomforestclassifier__n_jobs': -1, 'randomforestclassifier__random_state': 100}",0.568910746,0.570554836,0.570054656,0.573613661,0.571164771,0.551052201,0.564992235,0.565728582,0.566549729,0.560830349,0.566345177,0.006169796,80,0.584002471,0.590951204,0.584156887,0.590179123,0.581068561,0.570722668,0.588326127,0.582303891,0.575509574,0.587090797,0.58343113,0.006094282,77,0.702780229,0.710143342,0.702068813,0.711019164,0.703205339,0.693359806,0.708251258,0.704145248,0.697812466,0.709347826,0.704213349,0.005390694,74,0.845051738,0.856200528,0.852040816,0.86467161,0.86724231,0.848084188,0.867095391,0.8620782,0.857142857,0.85553225,0.857513989,0.007338132,72,0.601510859,0.60665545,0.596989652,0.603735207,0.591352346,0.586380597,0.598594155,0.595119246,0.588431591,0.605829929,0.597459903,0.006774623,45
26,31.16927469,1.267156544,2.543720412,0.298334692,2,70,-1,100,"{'randomforestclassifier__max_features': 2, 'randomforestclassifier__n_estimators': 70, 'randomforestclassifier__n_jobs': -1, 'randomforestclassifier__random_state': 100}",0.57315958,0.575143567,0.575965746,0.578265409,0.571833265,0.553709226,0.572378466,0.571779832,0.57017088,0.565062453,0.570746842,0.006608724,75,0.587399629,0.595274861,0.591260037,0.587862878,0.576899321,0.571649166,0.58863496,0.585237801,0.574737492,0.58693638,0.584589253,0.007233477,74,0.710069444,0.716862915,0.711183852,0.71341136,0.704868591,0.697095436,0.712,0.709495998,0.701171875,0.712086966,0.708824644,0.005707303,70,0.868134784,0.875461741,0.875134264,0.879766949,0.882892607,0.86130599,0.882368703,0.878414569,0.872535782,0.867330886,0.874334628,0.00668074,67,0.600697632,0.606914213,0.598970777,0.599963879,0.586590176,0.585473221,0.596774194,0.595065312,0.586069291,0.603980281,0.596049898,0.007272108,61
27,33.56144433,0.845892572,2.891239953,0.285473583,2,80,-1,100,"{'randomforestclassifier__max_features': 2, 'randomforestclassifier__n_estimators': 80, 'randomforestclassifier__n_jobs': -1, 'randomforestclassifier__random_state': 100}",0.575622657,0.579057637,0.577092405,0.584011986,0.574731775,0.560019658,0.576258802,0.573330089,0.577164459,0.568420765,0.574571023,0.006143557,72,0.593885114,0.591260037,0.590951204,0.590024707,0.578134651,0.575046325,0.588789376,0.584002471,0.578752316,0.590333539,0.586117974,0.006287626,69,0.717992709,0.717412192,0.715008069,0.71842189,0.708182012,0.702679343,0.714607223,0.712670648,0.707421707,0.717013333,0.713140913,0.005072179,65,0.888299284,0.886543536,0.892320086,0.896980932,0.894495413,0.877495953,0.89335477,0.894750937,0.89062922,0.881227058,0.889609719,0.005959688,62,0.602483354,0.602474449,0.596481781,0.599150893,0.586103253,0.585945946,0.595463476,0.592165899,0.58672834,0.6043877,0.595138509,0.006760369,65
28,39.32323697,0.974091901,2.899315286,0.270279181,2,90,-1,100,"{'randomforestclassifier__max_features': 2, 'randomforestclassifier__n_estimators': 90, 'randomforestclassifier__n_jobs': -1, 'randomforestclassifier__random_state': 100}",0.580789926,0.58349671,0.583176692,0.585651826,0.577571739,0.564281553,0.578703579,0.575662481,0.579667668,0.571700824,0.5780703,0.006000797,68,0.5928042,0.593576282,0.592340951,0.593885114,0.582303891,0.575509574,0.593113033,0.582303891,0.577825818,0.59156887,0.587523162,0.006845991,57,0.719438238,0.720772332,0.718369959,0.722749315,0.712936432,0.705264286,0.718933333,0.713544424,0.709581474,0.721256191,0.716284599,0.005413473,60,0.897054922,0.896306069,0.904135338,0.907838983,0.906368052,0.887479763,0.903001072,0.902249598,0.901971375,0.897220766,0.900362594,0.005679266,57,0.60053286,0.602732434,0.595929204,0.600350263,0.587545916,0.585127202,0.597200071,0.590120862,0.584836281,0.602995595,0.594737069,0.006841879,69
29,42.08081605,1.102170692,3.525489902,0.231651505,2,100,-1,100,"{'randomforestclassifier__max_features': 2, 'randomforestclassifier__n_estimators': 100, 'randomforestclassifier__n_jobs': -1, 'randomforestclassifier__random_state': 100}",0.584944519,0.589210987,0.585310771,0.588596693,0.582923243,0.567942998,0.579353833,0.581000111,0.583192554,0.575513195,0.58179889,0.006039008,62,0.590024707,0.594348363,0.590179123,0.595583694,0.583693638,0.578752316,0.589715874,0.586318715,0.580296479,0.591260037,0.588017295,0.005352257,56,0.719492868,0.723269778,0.719331641,0.725672986,0.716150769,0.709168443,0.718746692,0.718740157,0.713653603,0.723435378,0.718766232,0.004644696,57,0.903422659,0.905804749,0.913265306,0.917372881,0.917701025,0.897463573,0.909699893,0.916711302,0.914663786,0.907708443,0.910381362,0.006426744,51,0.597787921,0.601963879,0.593335659,0.600242592,0.587189227,0.586182587,0.594050744,0.591089622,0.585075143,0.601354872,0.593827225,0.006054777,74
30,44.69592502,1.167738256,3.312339544,0.371523156,2,110,-1,100,"{'randomforestclassifier__max_features': 2, 'randomforestclassifier__n_estimators': 110, 'randomforestclassifier__n_jobs': -1, 'randomforestclassifier__random_state': 100}",0.587231074,0.592789889,0.585459476,0.591683292,0.58244938,0.564209468,0.584445377,0.586260288,0.585320973,0.579803657,0.583965287,0.007533818,58,0.593576282,0.598054355,0.590179123,0.596819024,0.584928968,0.579678814,0.592340951,0.58693638,0.58276714,0.591260037,0.589654107,0.005692163,49,0.722947368,0.727975755,0.72098402,0.728501612,0.718120805,0.711896698,0.722747322,0.720451458,0.716355238,0.724987013,0.721496729,0.004881029,49,0.911117007,0.918997361,0.920784103,0.927701271,0.923907178,0.907447383,0.922025723,0.923138725,0.921415069,0.914787625,0.919132145,0.005901408,45,0.599197348,0.602699429,0.592432619,0.599726074,0.587307033,0.585684431,0.594300518,0.590745501,0.585952258,0.60041301,0.593845822,0.006068104,73
31,52.82462211,1.444737321,3.727012491,0.437550111,2,120,-1,100,"{'randomforestclassifier__max_features': 2, 'randomforestclassifier__n_estimators': 120, 'randomforestclassifier__n_jobs': -1, 'randomforestclassifier__random_state': 100}",0.590824737,0.596877094,0.587013907,0.594514575,0.583763767,0.566368227,0.587979395,0.587389297,0.587284031,0.581819196,0.586383423,0.007931131,53,0.593267449,0.596664608,0.593421865,0.596510191,0.585855466,0.581686226,0.594502779,0.587708462,0.581686226,0.589407041,0.590071032,0.005389129,44,0.723957242,0.727519299,0.724610396,0.729531104,0.719807773,0.716007967,0.725198828,0.722164412,0.717075718,0.725054286,0.723092703,0.004128344,46,0.916423454,0.92005277,0.930182599,0.933262712,0.929573664,0.921478683,0.928456592,0.92929834,0.927086146,0.919244887,0.925505985,0.005402027,40,0.598302442,0.601621808,0.593455542,0.598810535,0.587282646,0.585462026,0.594951923,0.590537781,0.584638965,0.598599966,0.593366363,0.005794198,78
32,56.38518481,1.430232296,4.34578979,0.355230655,2,130,-1,100,"{'randomforestclassifier__max_features': 2, 'randomforestclassifier__n_estimators': 130, 'randomforestclassifier__n_jobs': -1, 'randomforestclassifier__random_state': 100}",0.591889114,0.59703122,0.590093105,0.594828449,0.586518837,0.570708832,0.590028932,0.59119674,0.587317093,0.583634496,0.588324682,0.006940323,51,0.590796788,0.595583694,0.593267449,0.595274861,0.585083385,0.577825818,0.589098209,0.586318715,0.583384805,0.588171711,0.588480544,0.005301676,54,0.724188177,0.728460342,0.725967541,0.729988668,0.721352276,0.714434928,0.722841371,0.722181894,0.719016871,0.724796203,0.723322827,0.004285957,45,0.923056514,0.926912929,0.936895811,0.938294492,0.938478144,0.922827847,0.929796356,0.932512051,0.932217121,0.920818039,0.93018093,0.006266259,34,0.595821202,0.6,0.592561141,0.597369752,0.585817753,0.582822086,0.59124212,0.589270604,0.585183929,0.597583801,0.591767239,0.005615379,85
33,61.83967452,1.119481943,4.158407307,0.379837785,2,140,-1,100,"{'randomforestclassifier__max_features': 2, 'randomforestclassifier__n_estimators': 140, 'randomforestclassifier__n_jobs': -1, 'randomforestclassifier__random_state': 100}",0.593191271,0.597401802,0.591834881,0.59564599,0.589402637,0.568674858,0.590223403,0.591160212,0.590358019,0.585575524,0.58934686,0.007564176,49,0.593267449,0.596046943,0.592495368,0.593730698,0.58987029,0.579678814,0.588017295,0.586009883,0.583848054,0.592340951,0.589530574,0.004846705,52,0.726876815,0.729584453,0.726443454,0.730070791,0.724595603,0.717400332,0.723351307,0.723180176,0.719883588,0.728339164,0.724972568,0.003919244,39,0.929954895,0.931134565,0.940923738,0.942266949,0.942795467,0.932271991,0.934619507,0.937868238,0.935187686,0.927897221,0.935492026,0.00502932,29,0.596595745,0.599762067,0.591592099,0.595880087,0.588413607,0.583023962,0.589986468,0.588472526,0.585163907,0.599424119,0.591831459,0.005550554,83
34,66.88669059,0.942427093,4.635393786,0.29291999,2,150,-1,100,"{'randomforestclassifier__max_features': 2, 'randomforestclassifier__n_estimators': 150, 'randomforestclassifier__n_jobs': -1, 'randomforestclassifier__random_state': 100}",0.593738676,0.597212852,0.595197,0.601169913,0.592290042,0.572852346,0.592694203,0.59341486,0.592499391,0.587367087,0.591843637,0.007177564,44,0.591105621,0.597436689,0.58987029,0.595583694,0.58693638,0.578443484,0.590487956,0.588326127,0.583539222,0.594193947,0.589592341,0.00539786,51,0.726728586,0.731264818,0.725902993,0.731632339,0.723628474,0.717157066,0.726089651,0.725607246,0.721182673,0.730350913,0.725954476,0.004313723,34,0.934200053,0.935883905,0.944414608,0.945444915,0.944954128,0.933890988,0.941854234,0.944027852,0.941938968,0.933141059,0.939975071,0.004817065,22,0.594663064,0.60006767,0.589507208,0.596690623,0.586305039,0.582071981,0.590756303,0.589267803,0.584254606,0.599966285,0.591355058,0.005997485,86
35,69.58347595,0.96511938,4.896544743,0.279525966,2,160,-1,100,"{'randomforestclassifier__max_features': 2, 'randomforestclassifier__n_estimators': 160, 'randomforestclassifier__n_jobs': -1, 'randomforestclassifier__random_state': 100}",0.598443762,0.599997348,0.595519097,0.601486386,0.594791498,0.578964885,0.59514977,0.595484961,0.591912932,0.589032478,0.594078312,0.006109402,41,0.592186535,0.600216183,0.589252625,0.596664608,0.584774552,0.577516986,0.59156887,0.588943792,0.582149475,0.594966028,0.589823965,0.006533124,46,0.727872231,0.734597642,0.726506272,0.73319714,0.722983414,0.717063082,0.727010011,0.726413155,0.720973397,0.731827012,0.726844336,0.00521278,30,0.937118599,0.945382586,0.948711063,0.950476695,0.946842957,0.935509984,0.943729904,0.946438136,0.944099379,0.938384898,0.94366942,0.004796182,15,0.595013477,0.600670578,0.588637121,0.596774194,0.584735877,0.581321261,0.5912372,0.589392929,0.583152627,0.599798894,0.591073416,0.006504281,87
36,76.27082236,1.958815537,4.872992921,0.372297027,2,170,-1,100,"{'randomforestclassifier__max_features': 2, 'randomforestclassifier__n_estimators': 170, 'randomforestclassifier__n_jobs': -1, 'randomforestclassifier__random_state': 100}",0.598895506,0.602885626,0.596031711,0.603009848,0.597530933,0.5801295,0.599104028,0.599074896,0.594154222,0.59334264,0.596415891,0.006220772,39,0.59156887,0.599752934,0.5928042,0.595583694,0.586164299,0.578134651,0.591414453,0.589561458,0.582612724,0.592186535,0.589978382,0.005946953,45,0.728690122,0.735077678,0.729510719,0.732509447,0.724619811,0.719218911,0.728169303,0.726711906,0.721827725,0.731414624,0.727775025,0.004611494,26,0.942425046,0.948812665,0.954887218,0.949682203,0.951430113,0.94414463,0.949624866,0.946438136,0.947069943,0.94284216,0.947735698,0.003748107,10,0.593979933,0.599933267,0.590207469,0.596176226,0.585131099,0.580843293,0.590469843,0.589786382,0.583139342,0.597441435,0.590710829,0.005982534,88
37,80.57651074,2.32599189,5.386568093,0.321321922,2,180,-1,100,"{'randomforestclassifier__max_features': 2, 'randomforestclassifier__n_estimators': 180, 'randomforestclassifier__n_jobs': -1, 'randomforestclassifier__random_state': 100}",0.599932439,0.605829111,0.59925215,0.604520412,0.600383172,0.582455711,0.600412886,0.59902777,0.596346185,0.595051123,0.598321096,0.006113065,36,0.591877702,0.598054355,0.592958616,0.595429277,0.586473132,0.579215565,0.590951204,0.587554046,0.580759728,0.593885114,0.589715874,0.005847466,48,0.729561036,0.734360649,0.730028677,0.732925586,0.725051335,0.72036942,0.728780588,0.726079376,0.721681189,0.732723577,0.728156143,0.004522011,23,0.945874237,0.949340369,0.957035446,0.952065678,0.952779277,0.94711279,0.953644159,0.948044992,0.95058061,0.945201888,0.950167945,0.003570165,8,0.593770819,0.598768514,0.590066225,0.59579052,0.585183958,0.581222057,0.589726595,0.588333056,0.581625909,0.598240956,0.590272861,0.00604181,90
38,83.40501099,2.157306082,5.197054791,0.369806775,2,190,-1,100,"{'randomforestclassifier__max_features': 2, 'randomforestclassifier__n_estimators': 190, 'randomforestclassifier__n_jobs': -1, 'randomforestclassifier__random_state': 100}",0.602966151,0.608647595,0.602736336,0.608533624,0.604077932,0.582499547,0.6023075,0.602027733,0.598707747,0.595955744,0.600845991,0.007121024,32,0.594193947,0.598826436,0.592340951,0.592186535,0.589715874,0.578906733,0.591723286,0.584620136,0.583230389,0.592186535,0.589793082,0.005576652,47,0.731507969,0.735545603,0.7299509,0.731632964,0.728017197,0.720908812,0.729762878,0.724892616,0.723830963,0.732122933,0.728817284,0.004207079,17,0.949854073,0.953298153,0.95810956,0.953389831,0.959525094,0.950350783,0.95659164,0.949116229,0.955171483,0.946250655,0.95316575,0.004047448,5,0.594783187,0.598773616,0.589557171,0.593569662,0.586508329,0.580708986,0.58988764,0.586366645,0.582701812,0.597022333,0.589987938,0.005719245,92
39,80.28408992,4.338105069,4.256797028,0.323860067,2,200,-1,100,"{'randomforestclassifier__max_features': 2, 'randomforestclassifier__n_estimators': 200, 'randomforestclassifier__n_jobs': -1, 'randomforestclassifier__random_state': 100}",0.602144554,0.608303536,0.60347274,0.61112293,0.605677007,0.584428413,0.601520632,0.604797586,0.599388621,0.59774253,0.601859855,0.006929925,30,0.594966028,0.597127857,0.590796788,0.592340951,0.587862878,0.581068561,0.58863496,0.584928968,0.582612724,0.59573811,0.589607783,0.005286385,50,0.732810431,0.734938535,0.729204987,0.732034105,0.727179802,0.722171019,0.727996733,0.725546253,0.723478261,0.734644233,0.729000436,0.004292591,14,0.954364553,0.954353562,0.95810956,0.954978814,0.959794927,0.951430113,0.955251876,0.951526513,0.954901431,0.950183534,0.954489488,0.002809934,3,0.594742063,0.597554931,0.588584626,0.593482554,0.585321705,0.581944215,0.588089739,0.58630363,0.582345191,0.598810311,0.589717897,0.00577245,93
40,8.346875644,0.508641439,1.196982145,0.07436036,3,10,-1,100,"{'randomforestclassifier__max_features': 3, 'randomforestclassifier__n_estimators': 10, 'randomforestclassifier__n_jobs': -1, 'randomforestclassifier__random_state': 100}",0.538003729,0.546485392,0.529580576,0.535318679,0.537512834,0.527488306,0.529295819,0.536432909,0.533360248,0.535911232,0.534938972,0.005207888,98,0.539684991,0.546479308,0.530728845,0.539376158,0.539684991,0.526405188,0.530265596,0.532581841,0.538604077,0.537523162,0.536133416,0.005671936,98,0.605635666,0.609700997,0.592572731,0.603482653,0.602798135,0.584923535,0.590026954,0.59144284,0.602024507,0.600613415,0.598322143,0.00759804,98,0.607322897,0.605277045,0.593447905,0.601165254,0.610361576,0.583108473,0.586548767,0.58677022,0.61031596,0.590456214,0.597477431,0.010041304,98,0.603957784,0.614190094,0.591700134,0.605817988,0.595419847,0.586749932,0.593546638,0.596190476,0.593955322,0.611126187,0.59926544,0.008528742,33
41,13.1973841,0.482884181,1.619499922,0.105364798,3,20,-1,100,"{'randomforestclassifier__max_features': 3, 'randomforestclassifier__n_estimators': 20, 'randomforestclassifier__n_jobs': -1, 'randomforestclassifier__random_state': 100}",0.547109814,0.552336654,0.555491914,0.549340131,0.54556583,0.547349162,0.542943202,0.553147013,0.55038502,0.546556451,0.549022519,0.003650372,91,0.560376776,0.56145769,0.558987029,0.566090179,0.558678196,0.555898703,0.562229771,0.561920939,0.558678196,0.562229771,0.560654725,0.002646607,93,0.651401984,0.655004859,0.643801447,0.657317073,0.649411187,0.644323522,0.649524045,0.649796321,0.650183599,0.652189915,0.650295395,0.003946768,93,0.705757495,0.711345646,0.693071966,0.71371822,0.714247167,0.702914193,0.703912111,0.70487413,0.717256279,0.696906135,0.706400334,0.007391239,92,0.604820373,0.606933814,0.601071262,0.609177215,0.595366622,0.594748858,0.602937801,0.602702084,0.594582494,0.612866036,0.602520656,0.005941418,16
42,12.55816381,0.656393605,1.580513406,0.150535245,3,30,-1,100,"{'randomforestclassifier__max_features': 3, 'randomforestclassifier__n_estimators': 30, 'randomforestclassifier__n_jobs': -1, 'randomforestclassifier__random_state': 100}",0.569847412,0.560275208,0.568336054,0.557086766,0.552202595,0.556656149,0.565276739,0.560811566,0.554122353,0.554048324,0.559866317,0.005876206,85,0.58276714,0.576281655,0.569487338,0.577825818,0.5643916,0.566090179,0.57983323,0.570568252,0.560840025,0.569024089,0.571710933,0.00680666,87,0.683458294,0.681744375,0.669433246,0.679934442,0.668935571,0.667298129,0.680596314,0.672553868,0.667056895,0.673605426,0.674461656,0.006065516,88,0.773945344,0.775461741,0.758055854,0.769067797,0.769023206,0.760388559,0.776795284,0.764863417,0.769376181,0.755112743,0.767209013,0.007063609,87,0.611915251,0.608236755,0.599363057,0.609315988,0.591900312,0.594514768,0.605598496,0.600126077,0.588758008,0.607979734,0.601770845,0.007633886,20
43,17.52188699,0.723177221,2.059351969,0.203076686,3,40,-1,100,"{'randomforestclassifier__max_features': 3, 'randomforestclassifier__n_estimators': 40, 'randomforestclassifier__n_jobs': -1, 'randomforestclassifier__random_state': 100}",0.575476225,0.57302047,0.579614445,0.558002786,0.565902449,0.559315609,0.567657653,0.565032541,0.565047453,0.561501686,0.567057132,0.006683829,79,0.589098209,0.586009883,0.577053737,0.576436072,0.573347746,0.573038913,0.582149475,0.574737492,0.572884497,0.581222977,0.5785979,0.00545682,81,0.697304061,0.696547821,0.685136223,0.688755248,0.685558211,0.683963882,0.692779292,0.685688199,0.68589598,0.691958201,0.689358712,0.004695469,83,0.813213054,0.811873351,0.800214823,0.803760593,0.812736104,0.80733945,0.817524116,0.804499197,0.815554955,0.798636602,0.808535224,0.006232798,82,0.610314616,0.609910803,0.598994975,0.602541195,0.592796694,0.59329764,0.60106383,0.597454256,0.59180874,0.610420842,0.600860359,0.00696271,27
44,22.13697581,1.593654631,2.190873837,0.33865742,3,50,-1,100,"{'randomforestclassifier__max_features': 3, 'randomforestclassifier__n_estimators': 50, 'randomforestclassifier__n_jobs': -1, 'randomforestclassifier__random_state': 100}",0.587495662,0.580537017,0.58638991,0.567720104,0.573078879,0.564941134,0.573447055,0.5768728,0.572319361,0.571802027,0.575460395,0.007039963,71,0.597591106,0.59573811,0.587245213,0.585546634,0.579987647,0.575355158,0.584620136,0.577516986,0.571649166,0.586627548,0.58418777,0.007923167,75,0.70934642,0.708722741,0.699696663,0.700178731,0.698046181,0.69218715,0.700978213,0.693959732,0.691572159,0.70112761,0.69958156,0.005800126,78,0.843725126,0.840369393,0.836197637,0.829978814,0.848354021,0.83432272,0.844855305,0.83074451,0.839859573,0.823282643,0.837168974,0.007345047,77,0.611891476,0.612735668,0.601506664,0.605486862,0.59298378,0.591430757,0.598974164,0.595850941,0.587790588,0.610538596,0.60091895,0.008535769,25
45,25.82738168,0.859188358,2.36906004,0.235972772,3,60,-1,100,"{'randomforestclassifier__max_features': 3, 'randomforestclassifier__n_estimators': 60, 'randomforestclassifier__n_jobs': -1, 'randomforestclassifier__random_state': 100}",0.589323269,0.584961699,0.591463215,0.572903278,0.580863552,0.57066938,0.58450011,0.57795356,0.576354013,0.578213122,0.58072052,0.006456395,64,0.596201359,0.594193947,0.586164299,0.58276714,0.585855466,0.578906733,0.585546634,0.581995059,0.571649166,0.592340951,0.585562075,0.00701786,71,0.71184573,0.711905284,0.70465065,0.703402854,0.705274725,0.698574113,0.704144621,0.702560158,0.696033311,0.710208562,0.704860001,0.005025998,73,0.856991244,0.856728232,0.858485499,0.848516949,0.865893146,0.852671344,0.855841372,0.856186395,0.85768296,0.848190876,0.855718802,0.004855151,74,0.608744817,0.608964741,0.597570093,0.600674916,0.594920282,0.591649504,0.598127341,0.595677287,0.585653697,0.610838369,0.599282105,0.007739886,32
46,32.5451211,1.519252132,2.648008728,0.330522433,3,70,-1,100,"{'randomforestclassifier__max_features': 3, 'randomforestclassifier__n_estimators': 70, 'randomforestclassifier__n_jobs': -1, 'randomforestclassifier__random_state': 100}",0.590092038,0.587839663,0.591637485,0.57471516,0.581601209,0.571411225,0.585501857,0.581263134,0.582833638,0.583702901,0.583059831,0.006024801,60,0.593885114,0.60160593,0.588480544,0.589715874,0.588171711,0.578752316,0.586473132,0.584002471,0.578134651,0.595120445,0.588434219,0.006877006,55,0.714192567,0.72071877,0.709789829,0.7122902,0.70995106,0.703090988,0.708405923,0.706408021,0.703043478,0.717030002,0.710492084,0.005443636,68,0.871849297,0.878364116,0.875134264,0.871027542,0.880733945,0.871559633,0.871650589,0.867970005,0.873345936,0.871001573,0.87326369,0.003619004,69,0.604822382,0.611049927,0.596995787,0.602491299,0.594643833,0.589201022,0.596661775,0.595553105,0.588320902,0.609317682,0.598905771,0.00740311,38
47,33.64458132,1.207706763,2.783360362,0.219448885,3,80,-1,100,"{'randomforestclassifier__max_features': 3, 'randomforestclassifier__n_estimators': 80, 'randomforestclassifier__n_jobs': -1, 'randomforestclassifier__random_state': 100}",0.591820308,0.591622446,0.598410071,0.583507484,0.586493607,0.576527575,0.592140818,0.59006822,0.589871235,0.588563005,0.588902477,0.005543038,50,0.597436689,0.601451513,0.589715874,0.593885114,0.591877702,0.57983323,0.593113033,0.585855466,0.581068561,0.59990735,0.591414453,0.007023481,43,0.719224556,0.723395134,0.713901152,0.717568729,0.715408636,0.706250675,0.716879768,0.710866753,0.708373643,0.723095009,0.715496405,0.005481236,62,0.885911382,0.890501319,0.890171858,0.884798729,0.896384242,0.882622774,0.893890675,0.882967327,0.889819066,0.886995281,0.888406265,0.00433001,63,0.605329949,0.609095831,0.595901492,0.603504335,0.595233829,0.588626957,0.59838565,0.594911584,0.588392857,0.610319322,0.598970181,0.007425565,37
48,41.71896136,0.915281528,2.754873037,0.194918524,3,90,-1,100,"{'randomforestclassifier__max_features': 3, 'randomforestclassifier__n_estimators': 90, 'randomforestclassifier__n_jobs': -1, 'randomforestclassifier__random_state': 100}",0.597561984,0.596674833,0.599173455,0.589430516,0.59622317,0.579274998,0.596680295,0.596312025,0.596028804,0.59049832,0.59378584,0.005636524,43,0.59867202,0.601142681,0.591105621,0.598980852,0.590642372,0.584002471,0.5928042,0.592032119,0.582458308,0.599598518,0.593143916,0.006162662,38,0.722121245,0.725767067,0.717335611,0.724046329,0.716500909,0.711686644,0.718899904,0.716340992,0.711727079,0.725405062,0.718983084,0.004944687,55,0.895993632,0.901846966,0.902255639,0.902277542,0.903939557,0.89719374,0.903536977,0.893411891,0.901431272,0.898007341,0.899989456,0.00339211,58,0.60476361,0.607212649,0.595322466,0.60461402,0.593445527,0.589748138,0.596919809,0.597849462,0.587986613,0.608456209,0.59863185,0.006907732,40
49,44.90093887,1.157899365,3.271006989,0.313150648,3,100,-1,100,"{'randomforestclassifier__max_features': 3, 'randomforestclassifier__n_estimators': 100, 'randomforestclassifier__n_jobs': -1, 'randomforestclassifier__random_state': 100}",0.604400137,0.599205349,0.604576956,0.592304271,0.597301624,0.583157374,0.600791476,0.597422721,0.60082297,0.591059147,0.597104203,0.00628609,38,0.599135269,0.603922174,0.594039531,0.597127857,0.58693638,0.587399629,0.594039531,0.590333539,0.586318715,0.600216183,0.593946881,0.00582344,36,0.724591555,0.728829686,0.720883321,0.724527505,0.716541274,0.716588884,0.721061008,0.717495474,0.716057234,0.727788876,0.721436482,0.004548608,50,0.906075882,0.909498681,0.911654135,0.908633475,0.912304371,0.911494873,0.910503751,0.902249598,0.912233324,0.907446251,0.909209434,0.003055819,53,0.603676861,0.608043747,0.596136962,0.602458297,0.589949398,0.590353023,0.596873353,0.595545342,0.589323098,0.607512726,0.597987281,0.006729138,43
50,48.82897274,1.536492461,3.631195211,0.223662124,3,110,-1,100,"{'randomforestclassifier__max_features': 3, 'randomforestclassifier__n_estimators': 110, 'randomforestclassifier__n_jobs': -1, 'randomforestclassifier__random_state': 100}",0.607133584,0.603734452,0.606346493,0.593330195,0.598575001,0.589666479,0.601707242,0.600649862,0.600271035,0.592327409,0.599374175,0.005628261,35,0.599135269,0.606856084,0.594502779,0.594811612,0.589252625,0.584928968,0.596046943,0.591260037,0.587090797,0.598517603,0.594240272,0.006137169,32,0.725871172,0.732731472,0.722703273,0.724774491,0.719350074,0.716276124,0.723408754,0.71932987,0.718703976,0.727234578,0.723038379,0.004633834,47,0.911912974,0.920844327,0.918904404,0.914989407,0.919859687,0.915542364,0.916666667,0.908409213,0.922495274,0.90875721,0.915838153,0.004660299,48,0.602876688,0.608437936,0.595544727,0.600034734,0.590609841,0.588245492,0.597450227,0.595401088,0.588661037,0.606155999,0.597341777,0.00670169,46
51,55.00915747,2.203726948,3.948637295,0.200073415,3,120,-1,100,"{'randomforestclassifier__max_features': 3, 'randomforestclassifier__n_estimators': 120, 'randomforestclassifier__n_jobs': -1, 'randomforestclassifier__random_state': 100}",0.609840274,0.606348073,0.607203061,0.59376589,0.600923666,0.594028417,0.603998122,0.603947765,0.599499641,0.593613647,0.601316856,0.005653802,31,0.602069179,0.605929586,0.592340951,0.59697344,0.590333539,0.588480544,0.595429277,0.590796788,0.58446572,0.601297097,0.594811612,0.006424906,28,0.729619138,0.732998535,0.723154362,0.727727937,0.721469816,0.719680236,0.724674233,0.720640945,0.718072289,0.730536422,0.724857391,0.004842235,40,0.922525869,0.924274406,0.925886144,0.923728814,0.92714517,0.923097679,0.923901393,0.915372255,0.925465839,0.917671736,0.92290693,0.003482543,42,0.603436307,0.607316227,0.593255334,0.600344234,0.590479464,0.589725909,0.596127248,0.594228095,0.586614173,0.606796117,0.596832311,0.006931667,51
52,59.4054733,2.074426662,4.012209034,0.314041448,3,130,-1,100,"{'randomforestclassifier__max_features': 3, 'randomforestclassifier__n_estimators': 130, 'randomforestclassifier__n_jobs': -1, 'randomforestclassifier__random_state': 100}",0.613306274,0.611875266,0.608330013,0.598961178,0.602344963,0.595250993,0.607523694,0.607542339,0.601254098,0.598598642,0.604498746,0.005755357,27,0.600679432,0.605929586,0.592186535,0.597899938,0.587708462,0.589098209,0.595892526,0.592649784,0.582921557,0.601142681,0.594610871,0.006666798,30,0.729044426,0.734222037,0.724119921,0.728919425,0.721119699,0.721156869,0.726226593,0.723189927,0.718029022,0.731636364,0.725766428,0.00488783,35,0.923056514,0.930079156,0.930719656,0.92717161,0.931462493,0.928494334,0.930064309,0.922870916,0.928706454,0.923177766,0.927580321,0.003188064,37,0.602424242,0.606503785,0.592579928,0.60051458,0.588275392,0.589515162,0.595675305,0.594547964,0.585262083,0.605919807,0.596121825,0.007079352,60
53,62.9835043,1.743289279,4.169887638,0.382078236,3,140,-1,100,"{'randomforestclassifier__max_features': 3, 'randomforestclassifier__n_estimators': 140, 'randomforestclassifier__n_jobs': -1, 'randomforestclassifier__random_state': 100}",0.615245519,0.613349489,0.610195173,0.601593838,0.605661421,0.598169229,0.608547364,0.610687535,0.604035636,0.601048246,0.606853345,0.005361927,25,0.598054355,0.605929586,0.594811612,0.599598518,0.587708462,0.587399629,0.597745522,0.592495368,0.586009883,0.600833848,0.595058678,0.006241247,27,0.729333472,0.734829593,0.726495726,0.731545709,0.722395508,0.721085595,0.728617564,0.723925097,0.721512413,0.732540093,0.727228077,0.00464978,27,0.93048554,0.93298153,0.935821697,0.935646186,0.937398813,0.932002159,0.937031083,0.926620246,0.937888199,0.928159413,0.933403487,0.003798434,32,0.599692202,0.60610216,0.593696763,0.60054394,0.587618403,0.588014981,0.596045679,0.593991416,0.586259284,0.605024782,0.595698961,0.006746173,63
54,69.6106812,1.634273368,4.679038,0.164401038,3,150,-1,100,"{'randomforestclassifier__max_features': 3, 'randomforestclassifier__n_estimators': 150, 'randomforestclassifier__n_jobs': -1, 'randomforestclassifier__random_state': 100}",0.61696835,0.614149298,0.610121503,0.605046149,0.606875376,0.598387774,0.610660959,0.614347059,0.607309655,0.605600703,0.608946683,0.005193918,22,0.597591106,0.606547251,0.593267449,0.602995676,0.589407041,0.586009883,0.596819024,0.593730698,0.585392217,0.600525015,0.595228536,0.006680732,26,0.729611953,0.736067951,0.72699005,0.734647538,0.72374026,0.721222835,0.728839963,0.726080167,0.721675132,0.733436373,0.728231222,0.0050039,21,0.932873441,0.937467018,0.941729323,0.94253178,0.939827307,0.935779817,0.940246517,0.933851098,0.940048609,0.933141059,0.937749597,0.00344555,26,0.599079911,0.605900409,0.59199865,0.601894132,0.588443994,0.586702758,0.59504833,0.593936297,0.585632571,0.604141911,0.595277896,0.006895738,64
55,72.08132563,1.40705807,4.830042648,0.233842985,3,160,-1,100,"{'randomforestclassifier__max_features': 3, 'randomforestclassifier__n_estimators': 160, 'randomforestclassifier__n_jobs': -1, 'randomforestclassifier__random_state': 100}",0.618887747,0.61633988,0.610893571,0.605397736,0.607339937,0.603570948,0.612215993,0.617219661,0.609772741,0.607787376,0.610942559,0.004926169,19,0.597745522,0.604694256,0.591877702,0.598208771,0.590179123,0.588326127,0.594348363,0.592186535,0.582458308,0.601914762,0.594193947,0.006295187,33,0.730916228,0.735646427,0.727047403,0.732139181,0.724802986,0.723214286,0.728138259,0.726236136,0.720834194,0.734281591,0.728325669,0.004593619,20,0.938710533,0.939841689,0.945220193,0.941737288,0.9430653,0.939827307,0.942658092,0.938136047,0.942749122,0.933927635,0.940587321,0.003048014,20,0.598443843,0.6043434,0.590703138,0.598854833,0.588582014,0.587748903,0.593154611,0.592423474,0.583486545,0.604959239,0.59427,0.006802293,71
56,77.70841773,2.490607438,4.701028347,0.410224321,3,170,-1,100,"{'randomforestclassifier__max_features': 3, 'randomforestclassifier__n_estimators': 170, 'randomforestclassifier__n_jobs': -1, 'randomforestclassifier__random_state': 100}",0.619087254,0.619404486,0.612462736,0.60575869,0.610358751,0.603903758,0.615951026,0.618211151,0.61026566,0.609425435,0.612482895,0.005234118,18,0.598517603,0.605003088,0.593730698,0.597745522,0.58863496,0.58570105,0.593730698,0.5928042,0.583539222,0.600833848,0.594024089,0.006409839,35,0.731737515,0.736505974,0.728902628,0.732573658,0.724223602,0.722630001,0.728286688,0.72704689,0.72227371,0.734244885,0.728842555,0.004656526,16,0.940833112,0.943271768,0.949785177,0.944915254,0.943874798,0.9430653,0.944801715,0.940546331,0.947069943,0.936287362,0.943445076,0.003523568,16,0.5986831,0.604089219,0.59137268,0.598155909,0.587504199,0.585721468,0.592505461,0.592542602,0.583721704,0.603923558,0.59382199,0.006832195,75
57,85.24308109,1.95208389,5.274747992,0.262040465,3,180,-1,100,"{'randomforestclassifier__max_features': 3, 'randomforestclassifier__n_estimators': 180, 'randomforestclassifier__n_jobs': -1, 'randomforestclassifier__random_state': 100}",0.617683995,0.622530732,0.612177571,0.608512143,0.613533328,0.604290827,0.618775028,0.616875572,0.611493016,0.608986446,0.613485866,0.005235609,15,0.597591106,0.606547251,0.593576282,0.600679432,0.591414453,0.587708462,0.594502779,0.58987029,0.584928968,0.598826436,0.594564546,0.006173254,31,0.73161689,0.738021797,0.729106628,0.73531218,0.727160239,0.723945409,0.729890969,0.726354832,0.723342939,0.734138354,0.729889024,0.004640276,11,0.942425046,0.946965699,0.95112782,0.951271186,0.951430113,0.944684296,0.950696677,0.944027852,0.948960302,0.940482433,0.947207143,0.003867728,12,0.597879145,0.604615903,0.591121495,0.599265933,0.588451268,0.586825344,0.592320534,0.590254521,0.584400466,0.602047667,0.593718228,0.006472993,76
58,85.14513395,2.47786869,5.344310546,0.43087822,3,190,-1,100,"{'randomforestclassifier__max_features': 3, 'randomforestclassifier__n_estimators': 190, 'randomforestclassifier__n_jobs': -1, 'randomforestclassifier__random_state': 100}",0.617720211,0.625423185,0.615181538,0.6094288,0.613787136,0.605409464,0.617964529,0.619727174,0.615329731,0.609963116,0.614993488,0.005451386,14,0.596664608,0.606856084,0.591260037,0.598363187,0.592340951,0.586164299,0.593421865,0.590951204,0.586473132,0.598054355,0.594054972,0.00588018,34,0.730943552,0.738603696,0.728596329,0.734510564,0.728450936,0.724279835,0.729976413,0.727497171,0.72459893,0.733817364,0.730127479,0.004268434,10,0.941363757,0.949076517,0.954081633,0.952860169,0.955477604,0.949811117,0.953644159,0.946973755,0.951390764,0.940744625,0.94954241,0.004881168,9,0.597406971,0.604537815,0.589318295,0.597575154,0.588597074,0.585300964,0.591294235,0.590612995,0.585118751,0.601508801,0.593127106,0.006392575,79
59,84.44431994,3.416698525,4.730035377,0.197607072,3,200,-1,100,"{'randomforestclassifier__max_features': 3, 'randomforestclassifier__n_estimators': 200, 'randomforestclassifier__n_jobs': -1, 'randomforestclassifier__random_state': 100}",0.61876131,0.624313896,0.616776365,0.610028543,0.614622156,0.60788194,0.615559594,0.620541737,0.617048106,0.610507149,0.61560408,0.004809697,11,0.596355775,0.605620754,0.592340951,0.595120445,0.590333539,0.585546634,0.592958616,0.5928042,0.58446572,0.600833848,0.593638048,0.006068856,37,0.731622177,0.738373284,0.729341808,0.732394366,0.727590102,0.723697756,0.729862677,0.728619944,0.723744995,0.736305213,0.730155232,0.004527678,9,0.945343592,0.950923483,0.955155747,0.950211864,0.956017269,0.948461954,0.954180064,0.948044992,0.951930867,0.946250655,0.950652049,0.003500912,7,0.596717468,0.60348292,0.589883914,0.595815344,0.587270015,0.585053262,0.590939263,0.591676417,0.583802584,0.602604775,0.592724596,0.006476225,82
60,8.492379737,0.524144237,1.226837254,0.127726049,4,10,-1,100,"{'randomforestclassifier__max_features': 4, 'randomforestclassifier__n_estimators': 10, 'randomforestclassifier__n_jobs': -1, 'randomforestclassifier__random_state': 100}",0.536000628,0.538398655,0.529344004,0.541545924,0.535551141,0.541018857,0.548591695,0.552314724,0.556006236,0.542817113,0.542158898,0.007735159,95,0.53011118,0.536287832,0.535978999,0.543854231,0.53011118,0.543854231,0.542464484,0.550339716,0.553428042,0.543390982,0.540982088,0.0074188,97,0.588728207,0.596099529,0.596481805,0.603809013,0.58649273,0.605396741,0.607081289,0.609965175,0.608130081,0.606834198,0.600901877,0.007967713,97,0.577872115,0.58469657,0.596401719,0.596133475,0.582298975,0.611440907,0.613344051,0.609801821,0.605995139,0.598321972,0.597630674,0.012052869,97,0.6,0.607956104,0.596561912,0.611684783,0.590747331,0.599470899,0.60094513,0.610128617,0.61028012,0.615592123,0.604336702,0.007495022,9
61,13.10200911,0.600234204,1.531532669,0.226649115,4,20,-1,100,"{'randomforestclassifier__max_features': 4, 'randomforestclassifier__n_estimators': 20, 'randomforestclassifier__n_jobs': -1, 'randomforestclassifier__random_state': 100}",0.545976632,0.552708169,0.542822582,0.564195994,0.547987749,0.549402374,0.557434822,0.55724854,0.567479229,0.554443385,0.553969948,0.007459556,89,0.562538604,0.561148857,0.547714639,0.575972823,0.552501544,0.557442866,0.569024089,0.565935763,0.569178505,0.564700432,0.562615812,0.00794464,91,0.650721243,0.648702101,0.639330132,0.665040254,0.64142539,0.646521954,0.656745788,0.655218938,0.654446371,0.654830415,0.651298258,0.007258596,92,0.700185726,0.692348285,0.697099893,0.721927966,0.699406368,0.707231516,0.715434084,0.715318693,0.71347556,0.701101206,0.70635293,0.009233398,93,0.607784431,0.610232558,0.590402547,0.616463139,0.592321755,0.595411177,0.606956126,0.604435393,0.604438344,0.614288996,0.604273447,0.008472146,10
62,13.35325058,0.375955753,1.811136198,0.158239912,4,30,-1,100,"{'randomforestclassifier__max_features': 4, 'randomforestclassifier__n_estimators': 30, 'randomforestclassifier__n_jobs': -1, 'randomforestclassifier__random_state': 100}",0.567387667,0.562264758,0.556165187,0.565307841,0.558967651,0.562579269,0.565711137,0.564051062,0.57545816,0.562471609,0.564036434,0.004913938,82,0.571649166,0.573347746,0.566090179,0.582458308,0.569332922,0.571031501,0.578134651,0.570568252,0.583075973,0.57566399,0.574135269,0.005333714,85,0.672258979,0.6732884,0.671268133,0.682629108,0.670525694,0.67348378,0.679568379,0.672630959,0.68107725,0.676401319,0.6753132,0.004114479,87,0.754842133,0.751187335,0.770408163,0.770127119,0.765785213,0.773070696,0.776259378,0.765131227,0.778557926,0.753015207,0.76583844,0.009286947,88,0.605963791,0.610027855,0.59473466,0.612984823,0.59634377,0.596626406,0.604297038,0.600084016,0.605290783,0.61393758,0.604029072,0.006599918,11
63,18.20733986,0.522230768,1.812886262,0.259861543,4,40,-1,100,"{'randomforestclassifier__max_features': 4, 'randomforestclassifier__n_estimators': 40, 'randomforestclassifier__n_jobs': -1, 'randomforestclassifier__random_state': 100}",0.57854581,0.566337179,0.571967043,0.570420394,0.571399243,0.567342499,0.573386658,0.572297773,0.577464944,0.573227979,0.572238952,0.003637014,74,0.586318715,0.577671402,0.57983323,0.587399629,0.577516986,0.581686226,0.583693638,0.577208153,0.592032119,0.587708462,0.583106856,0.004881021,78,0.693513328,0.687535702,0.690830587,0.695879809,0.684137613,0.689726263,0.691109074,0.687656856,0.696042338,0.69506624,0.691149781,0.003792068,82,0.804192093,0.793931398,0.816326531,0.809586864,0.799514301,0.812466271,0.808145766,0.80717729,0.816905212,0.797850026,0.806609575,0.007347923,84,0.609613837,0.60628652,0.598778806,0.610179641,0.597861178,0.59920398,0.603682946,0.598966614,0.606333935,0.615742614,0.604665007,0.005720389,6
64,23.45461681,1.731226338,2.120636296,0.08992697,4,50,-1,100,"{'randomforestclassifier__max_features': 4, 'randomforestclassifier__n_estimators': 50, 'randomforestclassifier__n_jobs': -1, 'randomforestclassifier__random_state': 100}",0.581938888,0.572411183,0.57966094,0.578785752,0.57440442,0.573403409,0.577617901,0.57835752,0.574864836,0.582046521,0.577349137,0.003262267,69,0.590642372,0.585855466,0.584928968,0.592958616,0.579061149,0.582921557,0.590024707,0.581222977,0.586009883,0.596201359,0.586982705,0.005120502,64,0.703500727,0.700268216,0.698992161,0.705145414,0.692671928,0.697299115,0.700237101,0.697118606,0.697847402,0.706871427,0.69999521,0.004012756,77,0.834438843,0.826649077,0.838077336,0.834745763,0.828926066,0.839449541,0.830921758,0.835832887,0.836078855,0.826691138,0.833181126,0.004367178,79,0.60808198,0.607405971,0.599500576,0.610379551,0.594887684,0.596319724,0.605073171,0.59789272,0.598839458,0.617387899,0.603576873,0.006882985,12
65,26.40220313,0.937677346,2.452989674,0.132191035,4,60,-1,100,"{'randomforestclassifier__max_features': 4, 'randomforestclassifier__n_estimators': 60, 'randomforestclassifier__n_jobs': -1, 'randomforestclassifier__random_state': 100}",0.584509878,0.582339238,0.586464702,0.585533683,0.578613713,0.573428492,0.578598654,0.587413812,0.579796705,0.593179878,0.582987875,0.00533607,61,0.593576282,0.587554046,0.591723286,0.593421865,0.581377393,0.583539222,0.589407041,0.584620136,0.58570105,0.60407659,0.589499691,0.006268693,53,0.708785129,0.703781746,0.707198228,0.709862259,0.699811759,0.701494189,0.704654004,0.704200572,0.702450926,0.717745487,0.70599843,0.004931826,72,0.84982754,0.837203166,0.857411386,0.853019068,0.852671344,0.855099838,0.849946409,0.857525442,0.855252498,0.854745674,0.852270237,0.005623007,75,0.607895236,0.607040367,0.601771579,0.607850538,0.59342723,0.59467067,0.601783343,0.59738806,0.595972902,0.618595825,0.602639575,0.007420413,13
66,32.67051983,1.16346779,2.413331509,0.230673447,4,70,-1,100,"{'randomforestclassifier__max_features': 4, 'randomforestclassifier__n_estimators': 70, 'randomforestclassifier__n_jobs': -1, 'randomforestclassifier__random_state': 100}",0.589301363,0.583755749,0.591789557,0.590136093,0.581921599,0.576030332,0.577812812,0.585519271,0.582097448,0.595005963,0.585337019,0.005846302,56,0.596819024,0.595429277,0.595429277,0.595274861,0.585546634,0.588017295,0.587554046,0.585546634,0.585237801,0.601142681,0.591599753,0.005514543,41,0.713925715,0.714036237,0.713911334,0.714767657,0.705830776,0.707712533,0.705869398,0.707816242,0.705547029,0.718780621,0.710819754,0.004520901,67,0.864420271,0.863060686,0.877819549,0.86970339,0.868861306,0.871559633,0.858788853,0.870648099,0.869025115,0.865495543,0.867938244,0.004990911,70,0.60806271,0.60889799,0.601582628,0.606687604,0.594315245,0.595721136,0.599177416,0.596294938,0.593836501,0.614596909,0.601917308,0.00686103,18
67,35.39872999,0.84057354,3.093912578,0.13340675,4,80,-1,100,"{'randomforestclassifier__max_features': 4, 'randomforestclassifier__n_estimators': 80, 'randomforestclassifier__n_jobs': -1, 'randomforestclassifier__random_state': 100}",0.59505632,0.588397034,0.593612613,0.590865702,0.587812134,0.579935357,0.582842152,0.588782452,0.586332667,0.600812056,0.589444849,0.005727174,47,0.599752934,0.595274861,0.596201359,0.596355775,0.585392217,0.584311303,0.590179123,0.592958616,0.586627548,0.601760346,0.592881408,0.005751774,40,0.719054845,0.716618013,0.718665949,0.718500969,0.708437398,0.707582012,0.711396259,0.71391361,0.709684416,0.721640583,0.714549405,0.004768014,63,0.88007429,0.874406332,0.89688507,0.883474576,0.88019428,0.878845116,0.876473741,0.880824853,0.883607885,0.876507604,0.881129375,0.005961695,65,0.607843137,0.607070892,0.599533297,0.605444646,0.592767581,0.592181818,0.598645681,0.600182482,0.592968467,0.613281967,0.600991997,0.006875217,23
68,41.36176035,1.749202239,2.883902645,0.283889636,4,90,-1,100,"{'randomforestclassifier__max_features': 4, 'randomforestclassifier__n_estimators': 90, 'randomforestclassifier__n_jobs': -1, 'randomforestclassifier__random_state': 100}",0.601242585,0.59230968,0.596521932,0.595842602,0.591631923,0.586631153,0.588576284,0.594235136,0.589104418,0.604145302,0.594024101,0.005304105,42,0.601760346,0.596201359,0.597591106,0.596819024,0.587708462,0.592032119,0.593267449,0.591723286,0.584002471,0.606392835,0.594749846,0.006188685,29,0.72235978,0.718907879,0.721581197,0.720539441,0.712346477,0.715485677,0.715612179,0.716065292,0.710135571,0.72547119,0.717850468,0.004519722,58,0.89015654,0.8823219,0.906820623,0.891419492,0.892066919,0.896384242,0.887995713,0.892876272,0.891169322,0.883062402,0.891427342,0.00656027,61,0.607789855,0.606566298,0.599183818,0.604634453,0.592898135,0.595340502,0.599276673,0.597705271,0.590234305,0.615609578,0.600923889,0.007310067,24
69,45.64432619,1.352042798,3.349921227,0.278368778,4,100,-1,100,"{'randomforestclassifier__max_features': 4, 'randomforestclassifier__n_estimators': 100, 'randomforestclassifier__n_jobs': -1, 'randomforestclassifier__random_state': 100}",0.60572866,0.596083916,0.601331489,0.599671855,0.594273117,0.589730869,0.591390423,0.597355183,0.594127489,0.60619748,0.597589048,0.005330799,37,0.601297097,0.598054355,0.597899938,0.59990735,0.59156887,0.588789376,0.596819024,0.594811612,0.58570105,0.606084002,0.596093267,0.005766596,20,0.724086343,0.722524251,0.724094088,0.72450824,0.716779098,0.715034778,0.720060041,0.719837711,0.713813333,0.728876608,0.720961449,0.00450598,52,0.898912178,0.894195251,0.917561762,0.902277542,0.903130059,0.901511063,0.899785638,0.902785217,0.903591682,0.899056109,0.90228065,0.005745803,56,0.606190732,0.606152745,0.5980049,0.605258483,0.59417717,0.592480936,0.600178731,0.598544034,0.589915374,0.612868633,0.600377174,0.006828512,30
70,49.60964856,1.226699914,3.622359943,0.297797562,4,110,-1,100,"{'randomforestclassifier__max_features': 4, 'randomforestclassifier__n_estimators': 110, 'randomforestclassifier__n_jobs': -1, 'randomforestclassifier__random_state': 100}",0.607650262,0.600018419,0.604652773,0.60154151,0.596670196,0.594983157,0.594620554,0.598877945,0.595466644,0.608263153,0.600274461,0.004869116,33,0.60284126,0.596355775,0.601297097,0.597745522,0.59156887,0.590642372,0.594502779,0.591877702,0.586627548,0.60407659,0.595753552,0.005459637,24,0.727195588,0.722917108,0.727694579,0.72471732,0.71846727,0.717948718,0.719564289,0.719813421,0.715726877,0.729307432,0.72233526,0.004459606,48,0.909525073,0.899736148,0.926423201,0.908103814,0.910685375,0.910415542,0.902733119,0.909212641,0.910072914,0.905610907,0.909251873,0.006683051,52,0.605760735,0.604181432,0.599166377,0.602954106,0.593250132,0.59265765,0.59818892,0.595718547,0.589779489,0.610463061,0.599212045,0.006236181,34
71,56.77301006,2.139462966,3.769943357,0.374234643,4,120,-1,100,"{'randomforestclassifier__max_features': 4, 'randomforestclassifier__n_estimators': 120, 'randomforestclassifier__n_jobs': -1, 'randomforestclassifier__random_state': 100}",0.608219671,0.605148753,0.603831917,0.603817826,0.601860044,0.595557989,0.598795989,0.604119028,0.597697221,0.61118612,0.603023456,0.004516177,29,0.604231007,0.598826436,0.601760346,0.598054355,0.591105621,0.593885114,0.598980852,0.591260037,0.586009883,0.606547251,0.59706609,0.006104114,15,0.72921289,0.72715816,0.728954283,0.726374435,0.719253605,0.72157527,0.724456233,0.720042306,0.717104569,0.731789474,0.724592122,0.004651096,41,0.915627487,0.913456464,0.931256713,0.914989407,0.915272531,0.919589854,0.914790997,0.911622924,0.917634351,0.91137913,0.916561986,0.005434142,47,0.605863764,0.603977669,0.5988603,0.602231131,0.59238561,0.593728223,0.599683822,0.595000874,0.588500173,0.611326064,0.599155763,0.006574847,35
72,61.22411997,1.972542863,4.009787822,0.356362511,4,130,-1,100,"{'randomforestclassifier__max_features': 4, 'randomforestclassifier__n_estimators': 130, 'randomforestclassifier__n_jobs': -1, 'randomforestclassifier__random_state': 100}",0.611982946,0.604814174,0.606598531,0.603434263,0.60787439,0.598478855,0.602205748,0.606788869,0.599656578,0.613790261,0.605562461,0.004671782,26,0.601914762,0.597436689,0.600833848,0.598517603,0.592186535,0.592186535,0.597591106,0.592186535,0.588480544,0.606084002,0.596741816,0.005154013,17,0.72846008,0.726872708,0.729347712,0.727748691,0.721207643,0.722087762,0.724815206,0.721736382,0.720092427,0.733019362,0.725538797,0.004012193,36,0.917484744,0.91530343,0.93528464,0.920286017,0.921748516,0.925796006,0.919614148,0.91724692,0.92573589,0.91819612,0.921669643,0.005610196,43,0.604017467,0.602780191,0.597734683,0.601835816,0.592335703,0.591857858,0.598117811,0.594927914,0.589205913,0.609998258,0.598281161,0.00611236,41
73,66.28806641,1.113946805,3.7373739,0.397347724,4,140,-1,100,"{'randomforestclassifier__max_features': 4, 'randomforestclassifier__n_estimators': 140, 'randomforestclassifier__n_jobs': -1, 'randomforestclassifier__random_state': 100}",0.615865993,0.607162763,0.609843803,0.604411537,0.611372864,0.602005432,0.605810075,0.608467609,0.600236901,0.612572822,0.60777498,0.004602684,23,0.600833848,0.598054355,0.599752934,0.594193947,0.5928042,0.593730698,0.597591106,0.59156887,0.586164299,0.60407659,0.595877085,0.004942504,22,0.728494906,0.728259735,0.729662078,0.725964546,0.722450268,0.723605421,0.725915019,0.722717266,0.720075204,0.732526601,0.725967104,0.003626984,33,0.920137968,0.920316623,0.939312567,0.921875,0.926065839,0.929303832,0.924705252,0.923138725,0.930866865,0.920555847,0.925627852,0.005776049,39,0.602920723,0.602522025,0.596521146,0.59872721,0.592234685,0.592465164,0.597472299,0.59379845,0.587123148,0.608281358,0.597206621,0.005889827,48
74,71.49145024,1.994944046,4.110609603,0.563479788,4,150,-1,100,"{'randomforestclassifier__max_features': 4, 'randomforestclassifier__n_estimators': 150, 'randomforestclassifier__n_jobs': -1, 'randomforestclassifier__random_state': 100}",0.617252295,0.607967581,0.611761947,0.609547336,0.614450028,0.605547254,0.60728157,0.611652606,0.604507179,0.615496922,0.610546472,0.004088856,21,0.598980852,0.598054355,0.599135269,0.600525015,0.59156887,0.593113033,0.596355775,0.590024707,0.587554046,0.602995676,0.59583076,0.004766539,23,0.728375693,0.729277171,0.729639658,0.730099113,0.722134678,0.723939235,0.72570829,0.722251282,0.721044386,0.733104952,0.726557446,0.003894741,31,0.923852481,0.925065963,0.940655209,0.926641949,0.927415003,0.932271991,0.926580922,0.924477772,0.932217121,0.925799685,0.92849781,0.004908854,36,0.601174033,0.601888412,0.595951004,0.602341195,0.591260967,0.591710909,0.596412556,0.592618026,0.587874659,0.606805293,0.596803705,0.005748356,52
75,75.24355729,2.090412791,4.688709164,0.344405066,4,160,-1,100,"{'randomforestclassifier__max_features': 4, 'randomforestclassifier__n_estimators': 160, 'randomforestclassifier__n_jobs': -1, 'randomforestclassifier__random_state': 100}",0.619613978,0.60926307,0.616352105,0.611959648,0.617820843,0.606317884,0.611072214,0.614116315,0.605820234,0.617566189,0.612990248,0.00463983,17,0.600833848,0.597745522,0.603150093,0.59990735,0.594039531,0.59156887,0.600061767,0.590951204,0.587708462,0.603458925,0.596942557,0.005232321,16,0.730364035,0.730247489,0.733181063,0.730749247,0.724913676,0.723875144,0.728739003,0.723745959,0.722222222,0.734161491,0.728219933,0.00401357,22,0.928893606,0.930343008,0.948174006,0.931144068,0.934700486,0.935509984,0.932207931,0.92929834,0.937348096,0.929732564,0.933735209,0.005525533,31,0.60175318,0.60098858,0.597664184,0.601334017,0.592035549,0.590328623,0.598177442,0.59265585,0.587409037,0.606568594,0.596891506,0.005749472,50
76,79.66512265,1.714262987,4.536237431,0.450243117,4,170,-1,100,"{'randomforestclassifier__max_features': 4, 'randomforestclassifier__n_estimators': 170, 'randomforestclassifier__n_jobs': -1, 'randomforestclassifier__random_state': 100}",0.621279128,0.613912066,0.617379822,0.616602176,0.620672107,0.609335919,0.61238195,0.616429223,0.607200047,0.619055768,0.615424821,0.004443837,12,0.601297097,0.599598518,0.602223595,0.60160593,0.591723286,0.588943792,0.596355775,0.591723286,0.586009883,0.605003088,0.596448425,0.006136062,18,0.73154502,0.731712364,0.733664185,0.732808616,0.724008351,0.722881532,0.727139875,0.724984398,0.721570257,0.735579905,0.72858945,0.004783746,19,0.933404086,0.93298153,0.95273899,0.936970339,0.935779817,0.936859147,0.933279743,0.933315479,0.93815825,0.932878867,0.936636625,0.005680889,27,0.601470337,0.60187234,0.596503026,0.60170068,0.590398366,0.588474576,0.595588235,0.592687075,0.586230172,0.607167235,0.596209204,0.006450071,58
77,86.73389201,0.892713666,5.202947259,0.243933638,4,180,-1,100,"{'randomforestclassifier__max_features': 4, 'randomforestclassifier__n_estimators': 180, 'randomforestclassifier__n_jobs': -1, 'randomforestclassifier__random_state': 100}",0.623795868,0.615869985,0.618032799,0.619425367,0.622435713,0.611700755,0.614285841,0.616790209,0.606644509,0.620322701,0.616930375,0.004875218,9,0.60160593,0.597591106,0.601142681,0.603304509,0.5928042,0.589407041,0.597745522,0.590951204,0.58570105,0.603767758,0.5964021,0.006006397,19,0.732254047,0.730896324,0.732857586,0.734195551,0.725226633,0.723855021,0.728674096,0.72495068,0.721767085,0.735300186,0.728997721,0.004530775,15,0.93605731,0.933773087,0.951396348,0.939618644,0.939017809,0.940366972,0.937299035,0.934922335,0.939778558,0.934452019,0.938668212,0.0048126,24,0.60132947,0.600441127,0.595962994,0.602479199,0.590731625,0.588384265,0.596012949,0.59199593,0.585858586,0.606122449,0.595931859,0.006302079,62
78,88.81963317,1.576863873,5.138845539,0.406169764,4,190,-1,100,"{'randomforestclassifier__max_features': 4, 'randomforestclassifier__n_estimators': 190, 'randomforestclassifier__n_jobs': -1, 'randomforestclassifier__random_state': 100}",0.626014794,0.6175531,0.616909263,0.619271618,0.623065533,0.612062886,0.616699175,0.616940717,0.607085813,0.62304735,0.617865025,0.005247662,8,0.601914762,0.60284126,0.601142681,0.602995676,0.593267449,0.589561458,0.598208771,0.591877702,0.589407041,0.608245831,0.597946263,0.006192864,12,0.733236755,0.734954658,0.73373879,0.734702301,0.726366092,0.724273859,0.729127629,0.726085605,0.72465569,0.738048529,0.730518991,0.004731172,7,0.940037145,0.940897098,0.955692803,0.94279661,0.943335132,0.941985969,0.938370847,0.938136047,0.944909533,0.937073938,0.942323512,0.005047427,19,0.601017812,0.602975989,0.595449222,0.601859679,0.590540541,0.588304685,0.596186585,0.592223161,0.587672153,0.608754897,0.596498472,0.006643498,54
79,86.1233171,3.101515035,4.486841822,0.485613482,4,200,-1,100,"{'randomforestclassifier__max_features': 4, 'randomforestclassifier__n_estimators': 200, 'randomforestclassifier__n_jobs': -1, 'randomforestclassifier__random_state': 100}",0.629014054,0.620054932,0.615277894,0.622072348,0.622039292,0.614321882,0.619083506,0.618201677,0.609701698,0.623033462,0.619280074,0.005083274,6,0.603767758,0.603458925,0.602223595,0.602378011,0.593421865,0.587554046,0.599135269,0.591414453,0.588480544,0.606856084,0.597869055,0.006660983,13,0.734862575,0.736128237,0.735033944,0.734727516,0.726100073,0.723642007,0.730649512,0.726200331,0.724205733,0.737850082,0.730940001,0.005155037,6,0.943486336,0.945118734,0.959452202,0.944385593,0.941716136,0.943604965,0.943461951,0.939742903,0.944909533,0.939433665,0.944531202,0.005320489,13,0.601793874,0.602827331,0.595698566,0.601247682,0.590824446,0.58684343,0.596173383,0.591736931,0.587080537,0.607494066,0.596172024,0.006693414,59
80,8.967053866,0.694296833,1.210684776,0.076961453,5,10,-1,100,"{'randomforestclassifier__max_features': 5, 'randomforestclassifier__n_estimators': 10, 'randomforestclassifier__n_jobs': -1, 'randomforestclassifier__random_state': 100}",0.529032559,0.560368971,0.549608536,0.552881454,0.53568182,0.556027546,0.538689549,0.533052134,0.537070312,0.54197543,0.543438831,0.010065706,94,0.533353922,0.556670784,0.550802965,0.547096973,0.536905497,0.552347128,0.53721433,0.534743669,0.544626313,0.535052502,0.542881408,0.008058712,96,0.600370272,0.617862372,0.612391739,0.602305085,0.598366144,0.608930258,0.599706157,0.59746159,0.607689238,0.593602375,0.603868523,0.007193178,96,0.602281772,0.612401055,0.61707841,0.588188559,0.60280626,0.609012412,0.601554126,0.598821639,0.616797191,0.576560042,0.602550147,0.012040026,96,0.598470867,0.623421972,0.607775721,0.617115866,0.59399096,0.608848125,0.597869507,0.596107705,0.598846356,0.611682893,0.605412997,0.009398106,4
81,13.48851507,0.573324229,1.584241199,0.216364159,5,20,-1,100,"{'randomforestclassifier__max_features': 5, 'randomforestclassifier__n_estimators': 20, 'randomforestclassifier__n_jobs': -1, 'randomforestclassifier__random_state': 100}",0.550412328,0.563245314,0.569685576,0.564869939,0.554838285,0.565562723,0.552889633,0.548759219,0.555345083,0.569016459,0.559462456,0.007446859,86,0.559759111,0.566862261,0.567634342,0.572266831,0.561612106,0.572421248,0.562538604,0.550957381,0.563619518,0.57442866,0.565210006,0.006714553,89,0.652528946,0.658385093,0.656104151,0.65751731,0.651442603,0.657344388,0.652605763,0.642576205,0.653251534,0.658826442,0.654058243,0.004606354,91,0.710267976,0.713192612,0.717239527,0.704184322,0.715866163,0.716675661,0.713022508,0.700053562,0.718876587,0.697692711,0.710707163,0.007133045,91,0.603471596,0.611400136,0.604572205,0.616651206,0.59765713,0.607085714,0.601627854,0.59382099,0.598605802,0.624061914,0.605895455,0.008775334,3
82,13.55846879,0.568080968,1.815956903,0.220583097,5,30,-1,100,"{'randomforestclassifier__max_features': 5, 'randomforestclassifier__n_estimators': 30, 'randomforestclassifier__n_jobs': -1, 'randomforestclassifier__random_state': 100}",0.56276844,0.571455333,0.571998999,0.568061195,0.569607194,0.571911925,0.571130249,0.554978314,0.571207554,0.56717624,0.568029544,0.005133338,78,0.571649166,0.578289067,0.583539222,0.578752316,0.582921557,0.582458308,0.576436072,0.561920939,0.577516986,0.574891909,0.576837554,0.006108409,83,0.675631431,0.682404931,0.683858868,0.679737027,0.682496767,0.681207262,0.678542131,0.666744978,0.678722405,0.674085474,0.678343127,0.004842541,86,0.766516317,0.77414248,0.78329753,0.766684322,0.783324339,0.779546681,0.775723473,0.760042849,0.780448285,0.746460409,0.771618669,0.011201663,86,0.604014217,0.610106051,0.606823383,0.610501898,0.604665695,0.604899497,0.602999375,0.593848085,0.600457095,0.614504641,0.605281994,0.00547092,5
83,19.63261058,0.66883965,1.828883338,0.152527088,5,40,-1,100,"{'randomforestclassifier__max_features': 5, 'randomforestclassifier__n_estimators': 40, 'randomforestclassifier__n_jobs': -1, 'randomforestclassifier__random_state': 100}",0.577921905,0.58065411,0.585912716,0.584747283,0.581706025,0.577633402,0.579498112,0.567669321,0.579645757,0.576935207,0.579232384,0.004761073,66,0.584311303,0.589407041,0.589407041,0.592032119,0.586009883,0.581377393,0.586473132,0.578906733,0.582612724,0.588943792,0.585948116,0.003930312,70,0.694160418,0.698286622,0.697118123,0.698264048,0.693705015,0.688998509,0.693662777,0.688378471,0.692666288,0.694304088,0.693954436,0.00323996,81,0.81055983,0.811873351,0.8216971,0.809586864,0.819212089,0.810307609,0.812433012,0.806641671,0.822576289,0.792606188,0.8117494,0.008204112,81,0.606993841,0.612582122,0.605341246,0.613855422,0.601545473,0.599281581,0.605189621,0.60035878,0.598193244,0.617695137,0.606103647,0.006336623,2
84,23.70512812,1.000417887,2.079844666,0.157270576,5,50,-1,100,"{'randomforestclassifier__max_features': 5, 'randomforestclassifier__n_estimators': 50, 'randomforestclassifier__n_jobs': -1, 'randomforestclassifier__random_state': 100}",0.583097211,0.589980147,0.590445109,0.589426691,0.587013692,0.585357046,0.592610859,0.576689523,0.584317167,0.580832037,0.585976948,0.004659751,55,0.58863496,0.599598518,0.595892526,0.596201359,0.587090797,0.589098209,0.594502779,0.586164299,0.586164299,0.592032119,0.591537986,0.004545613,42,0.701412239,0.711536322,0.707630432,0.707330722,0.698398376,0.701648167,0.705605381,0.70155902,0.699281867,0.701603795,0.703600632,0.003995234,75,0.830193685,0.843799472,0.850429646,0.836864407,0.835402051,0.84430653,0.843247588,0.843599357,0.841479881,0.814368117,0.838369073,0.009617604,76,0.607219096,0.615118292,0.605892481,0.612521807,0.6,0.600230194,0.606592136,0.600457491,0.598195431,0.616269841,0.606249677,0.006271309,1
85,27.36232955,1.156337557,2.471740842,0.260778146,5,60,-1,100,"{'randomforestclassifier__max_features': 5, 'randomforestclassifier__n_estimators': 60, 'randomforestclassifier__n_jobs': -1, 'randomforestclassifier__random_state': 100}",0.59217154,0.588452928,0.595605793,0.593435833,0.593344727,0.586063141,0.600082827,0.583679766,0.590660841,0.584032069,0.590752946,0.004990164,46,0.595583694,0.598363187,0.59573811,0.5928042,0.59156887,0.587245213,0.595429277,0.586781964,0.593421865,0.592340951,0.592927733,0.003510926,39,0.710767532,0.713829904,0.712054553,0.708908268,0.706665188,0.704542942,0.711390174,0.705221414,0.709092918,0.706536238,0.708900913,0.002950911,69,0.853807376,0.855936675,0.869226638,0.850370763,0.859686994,0.859956827,0.865219721,0.857257633,0.866594653,0.833245936,0.857130322,0.009718524,73,0.608777904,0.612190979,0.603017884,0.607798599,0.599887027,0.596704737,0.604002993,0.598989521,0.600037397,0.613276727,0.604468377,0.005478347,7
86,34.11767666,1.327935113,2.529678321,0.142177663,5,70,-1,100,"{'randomforestclassifier__max_features': 5, 'randomforestclassifier__n_estimators': 70, 'randomforestclassifier__n_jobs': -1, 'randomforestclassifier__random_state': 100}",0.599884168,0.596557347,0.596720645,0.596709579,0.599565394,0.589834175,0.604791337,0.588708761,0.592212832,0.591913782,0.595689802,0.004771551,40,0.603304509,0.602995676,0.594966028,0.594657196,0.591723286,0.590487956,0.595120445,0.591723286,0.592340951,0.60284126,0.596016059,0.004827973,21,0.718712362,0.719965145,0.714674209,0.714270164,0.710532078,0.710100568,0.713630406,0.712108014,0.711790393,0.717734855,0.714351819,0.003268927,64,0.870788007,0.872031662,0.882116004,0.868908898,0.875607124,0.876416622,0.875401929,0.875736476,0.88036727,0.857367593,0.873474159,0.006586332,68,0.611856823,0.613058802,0.600658256,0.60635742,0.597826087,0.596839397,0.602323009,0.6,0.597397838,0.617214043,0.604353167,0.006969018,8
87,35.89608214,2.07901801,2.992284489,0.180049232,5,80,-1,100,"{'randomforestclassifier__max_features': 5, 'randomforestclassifier__n_estimators': 80, 'randomforestclassifier__n_jobs': -1, 'randomforestclassifier__random_state': 100}",0.606541485,0.598246944,0.603671356,0.598532692,0.605382188,0.596287803,0.6086061,0.592649816,0.592979065,0.597301817,0.600019927,0.005374982,34,0.600833848,0.605929586,0.596510191,0.595583694,0.593113033,0.589561458,0.601451513,0.589252625,0.585546634,0.599444101,0.595722668,0.00606463,25,0.719235364,0.724881414,0.718578352,0.717810581,0.714610636,0.711588542,0.720701223,0.712494596,0.709775087,0.71773667,0.716741246,0.004374071,59,0.878482356,0.88707124,0.895810956,0.882150424,0.89017809,0.884781436,0.892282958,0.882699518,0.886308399,0.864708967,0.884447434,0.00816912,64,0.608863553,0.612832665,0.599892106,0.605086285,0.596888004,0.595099819,0.60446542,0.597317869,0.591884581,0.613467262,0.602579756,0.007145821,14
88,43.13682659,2.320837476,2.949183273,0.386793392,5,90,-1,100,"{'randomforestclassifier__max_features': 5, 'randomforestclassifier__n_estimators': 90, 'randomforestclassifier__n_jobs': -1, 'randomforestclassifier__random_state': 100}",0.612091937,0.601083945,0.607888677,0.602605687,0.610509692,0.60037007,0.609271246,0.59525705,0.597150886,0.602484195,0.603871339,0.005476029,28,0.601451513,0.607319333,0.596355775,0.599289685,0.595429277,0.587554046,0.600525015,0.591877702,0.590024707,0.603767758,0.597359481,0.005962249,14,0.722383565,0.727233723,0.720666809,0.722370814,0.719486081,0.712455593,0.721198405,0.716871987,0.714239587,0.723550959,0.720045752,0.004221932,54,0.890952507,0.894459103,0.905477981,0.894067797,0.906637885,0.892876417,0.896570204,0.896089984,0.896030246,0.880440482,0.89536026,0.006947507,59,0.607452967,0.612687511,0.598509052,0.605995333,0.596379127,0.592692101,0.603208942,0.597393323,0.593772369,0.614118508,0.602220923,0.007260065,17
89,48.91527214,2.347786808,3.359093165,0.119866722,5,100,-1,100,"{'randomforestclassifier__max_features': 5, 'randomforestclassifier__n_estimators': 100, 'randomforestclassifier__n_jobs': -1, 'randomforestclassifier__random_state': 100}",0.617278857,0.60442979,0.610893279,0.607159546,0.61575784,0.60582712,0.611315656,0.600801689,0.597760278,0.605520923,0.607674498,0.005878554,24,0.603922174,0.609172329,0.59867202,0.603767758,0.593576282,0.590333539,0.602069179,0.597282273,0.590796788,0.607628166,0.599722051,0.006355802,11,0.725050916,0.730199339,0.724536301,0.726905066,0.719163466,0.716226334,0.724532336,0.722671204,0.717001282,0.72762354,0.723390978,0.004387907,44,0.897320244,0.903693931,0.91783029,0.904396186,0.909336212,0.903399892,0.908092176,0.910016069,0.906562247,0.889879392,0.905052664,0.007160982,54,0.608273381,0.612591665,0.598494134,0.607651246,0.594775856,0.593301435,0.602703183,0.599294533,0.593004769,0.615412511,0.602550271,0.007676036,15
90,50.59454772,1.510237727,3.416253853,0.345269992,5,110,-1,100,"{'randomforestclassifier__max_features': 5, 'randomforestclassifier__n_estimators': 110, 'randomforestclassifier__n_jobs': -1, 'randomforestclassifier__random_state': 100}",0.619416187,0.610085128,0.610667098,0.610459383,0.621868869,0.60973799,0.611859325,0.604551655,0.600737952,0.606662127,0.610604571,0.005972269,20,0.603767758,0.609326745,0.599289685,0.601451513,0.598208771,0.588789376,0.598208771,0.597282273,0.595274861,0.608554663,0.600015442,0.005820512,10,0.726614106,0.731650403,0.726236945,0.726791574,0.723955018,0.716611685,0.723368063,0.723904298,0.721850791,0.730003195,0.725098608,0.004021751,38,0.90474927,0.910026385,0.924274973,0.909163136,0.920669185,0.908526713,0.911575563,0.915640064,0.918444504,0.898531725,0.912160152,0.007338319,50,0.607085633,0.611741752,0.598088619,0.605360607,0.596503497,0.591635916,0.599577018,0.598564426,0.59458042,0.61470852,0.601784641,0.007202435,19
91,58.7733597,1.377641872,3.525037837,0.299279905,5,120,-1,100,"{'randomforestclassifier__max_features': 5, 'randomforestclassifier__n_estimators': 120, 'randomforestclassifier__n_jobs': -1, 'randomforestclassifier__random_state': 100}",0.621667163,0.612020061,0.612442635,0.613158104,0.624303598,0.611590143,0.616057855,0.607432705,0.602941066,0.608565777,0.613017911,0.006061033,16,0.606238419,0.607628166,0.600370599,0.600988264,0.596046943,0.594348363,0.599752934,0.599135269,0.597436689,0.610098826,0.601204447,0.00490558,8,0.7302729,0.731763961,0.727578947,0.72702303,0.722705109,0.721214051,0.725772323,0.726794359,0.725086998,0.732265932,0.727047761,0.003443581,29,0.91589281,0.914511873,0.928034372,0.91128178,0.919859687,0.916891527,0.919078242,0.924745581,0.928436403,0.905348715,0.918408099,0.006936073,46,0.607211961,0.609889143,0.59833795,0.604745167,0.595146648,0.594367675,0.59965035,0.598647712,0.594809689,0.614740965,0.601754726,0.006676529,21
92,62.72392607,1.90995698,3.949546027,0.220736728,5,130,-1,100,"{'randomforestclassifier__max_features': 5, 'randomforestclassifier__n_estimators': 130, 'randomforestclassifier__n_jobs': -1, 'randomforestclassifier__random_state': 100}",0.623662766,0.614578819,0.615133774,0.617690335,0.624076481,0.612266575,0.617187476,0.611083145,0.604367819,0.611801266,0.615184846,0.005615969,13,0.608554663,0.6070105,0.600216183,0.602686844,0.597745522,0.594811612,0.604848672,0.59867202,0.595583694,0.613959234,0.602408894,0.005858385,3,0.73318598,0.732696145,0.728587902,0.729471139,0.725181981,0.722855936,0.730659931,0.727425275,0.724923853,0.735896894,0.729088504,0.003914606,13,0.924117803,0.920316623,0.933136412,0.918697034,0.927415003,0.923367512,0.930064309,0.928762721,0.93194707,0.913214473,0.925103896,0.006033207,41,0.607641312,0.608619787,0.597592433,0.604882302,0.5953577,0.59389101,0.601664067,0.597827961,0.593159161,0.616242038,0.601687777,0.007147001,22
93,65.74401984,2.907913886,4.150651789,0.367160387,5,140,-1,100,"{'randomforestclassifier__max_features': 5, 'randomforestclassifier__n_estimators': 140, 'randomforestclassifier__n_jobs': -1, 'randomforestclassifier__random_state': 100}",0.624176601,0.615500632,0.616216377,0.618956028,0.62480123,0.614405949,0.619997172,0.615653533,0.605103376,0.614112141,0.616892304,0.005350977,10,0.609326745,0.611025324,0.59867202,0.603150093,0.593885114,0.592340951,0.60284126,0.598054355,0.594502779,0.615503397,0.601930204,0.007493074,5,0.734131988,0.736588937,0.728620654,0.730946399,0.723041281,0.721460224,0.729888679,0.728032598,0.725026178,0.738115271,0.729585221,0.005266844,12,0.926771027,0.929287599,0.936895811,0.924523305,0.926335672,0.922558014,0.93113612,0.93304767,0.934917634,0.920031463,0.928550432,0.005200116,35,0.607795371,0.610081413,0.596104562,0.604397507,0.592918826,0.592342342,0.600172712,0.59688196,0.592098512,0.616262733,0.600905594,0.00796341,26
94,72.74316404,1.388389769,4.255654669,0.377199123,5,150,-1,100,"{'randomforestclassifier__max_features': 5, 'randomforestclassifier__n_estimators': 150, 'randomforestclassifier__n_jobs': -1, 'randomforestclassifier__random_state': 100}",0.625543693,0.617871176,0.619459551,0.621656613,0.623917942,0.614116537,0.62379929,0.61943065,0.610167885,0.615346078,0.619130941,0.004623872,7,0.606701668,0.611334157,0.600679432,0.601142681,0.596355775,0.594348363,0.602532427,0.595274861,0.598363187,0.61581223,0.602254478,0.006715529,4,0.732766761,0.737073018,0.730175292,0.730347635,0.725362471,0.723269778,0.730188679,0.726779944,0.728298339,0.738984473,0.730324639,0.0046648,8,0.926505704,0.930870712,0.939581096,0.926377119,0.931462493,0.926335672,0.933279743,0.933583289,0.941398866,0.923439958,0.931283465,0.005599547,33,0.60603957,0.610063981,0.597098976,0.602791659,0.593943565,0.593226197,0.599690083,0.594982079,0.593867121,0.615949633,0.600765286,0.007402406,28
95,76.98483922,2.217774648,4.641795349,0.182313732,5,160,-1,100,"{'randomforestclassifier__max_features': 5, 'randomforestclassifier__n_estimators': 160, 'randomforestclassifier__n_jobs': -1, 'randomforestclassifier__random_state': 100}",0.629034588,0.621162404,0.622821719,0.62319312,0.625668883,0.615368677,0.625162051,0.620651956,0.611885335,0.615821067,0.62107698,0.005034905,5,0.605929586,0.612723904,0.600679432,0.602378011,0.597899938,0.596819024,0.601142681,0.596510191,0.597899938,0.616584311,0.602856702,0.006550037,1,0.732942654,0.738858809,0.730905307,0.731798771,0.727101237,0.725648839,0.730516432,0.728970024,0.728806499,0.740841248,0.731638982,0.004603806,5,0.929158928,0.936147757,0.943071966,0.930349576,0.936049649,0.931732326,0.938102894,0.94108195,0.944909533,0.93051914,0.936112372,0.00535275,28,0.605149473,0.610251118,0.596670065,0.603090129,0.594413982,0.594217863,0.598154792,0.594887422,0.593151382,0.615397954,0.600538418,0.007263067,29
96,82.30856516,1.418624553,4.685363364,0.195963014,5,170,-1,100,"{'randomforestclassifier__max_features': 5, 'randomforestclassifier__n_estimators': 170, 'randomforestclassifier__n_jobs': -1, 'randomforestclassifier__random_state': 100}",0.632238157,0.622816588,0.6270447,0.625705332,0.626178351,0.614596001,0.628291943,0.621613462,0.614469423,0.616333877,0.622928784,0.005804042,4,0.606084002,0.610716492,0.600679432,0.60407659,0.59697344,0.597899938,0.605003088,0.596201359,0.598208771,0.611025324,0.602686844,0.005239698,2,0.733521362,0.737969026,0.73157567,0.734024896,0.727443609,0.726642872,0.733319433,0.728311688,0.729465585,0.737795358,0.73200695,0.003834541,3,0.931546829,0.936675462,0.946294307,0.936970339,0.939827307,0.933890988,0.942390139,0.938671666,0.947339995,0.92920818,0.938281521,0.005629743,25,0.604927636,0.608814955,0.596277496,0.603342428,0.593356048,0.59467354,0.600170648,0.594975386,0.59306847,0.611772829,0.600137944,0.006412943,31
97,86.88960488,1.785488883,5.043856835,0.221560738,5,180,-1,100,"{'randomforestclassifier__max_features': 5, 'randomforestclassifier__n_estimators': 180, 'randomforestclassifier__n_jobs': -1, 'randomforestclassifier__random_state': 100}",0.632375082,0.626393476,0.627611322,0.625849763,0.626891264,0.615835624,0.628213237,0.623153464,0.612987744,0.616391743,0.623570272,0.006026003,3,0.603150093,0.606856084,0.599444101,0.60407659,0.594039531,0.595274861,0.604385423,0.596510191,0.598363187,0.611642989,0.601374305,0.005314815,7,0.731900689,0.73649348,0.73119171,0.734190338,0.726231386,0.72620913,0.733569052,0.729250855,0.730270663,0.738755583,0.731806288,0.003882476,4,0.930750862,0.93878628,0.947368421,0.937764831,0.940906638,0.937938478,0.945069668,0.942420996,0.950850662,0.932354483,0.940421132,0.005977969,21,0.603059997,0.605926431,0.595342558,0.603236797,0.591317619,0.592466337,0.599422162,0.594727058,0.592760943,0.611732324,0.598999223,0.006457308,36
98,90.37724762,2.075052423,4.97579484,0.500165209,5,190,-1,100,"{'randomforestclassifier__max_features': 5, 'randomforestclassifier__n_estimators': 190, 'randomforestclassifier__n_jobs': -1, 'randomforestclassifier__random_state': 100}",0.631598816,0.628672713,0.629507512,0.628188805,0.629505427,0.616282455,0.62925673,0.625248861,0.613070328,0.618494745,0.624982639,0.006217941,2,0.602995676,0.608245831,0.598517603,0.601914762,0.594502779,0.595892526,0.603613342,0.59697344,0.59990735,0.611488573,0.601405188,0.005141878,6,0.732660913,0.737669321,0.731515903,0.733402275,0.727310488,0.726684073,0.733464853,0.730427598,0.730749247,0.739112401,0.732299707,0.003753664,2,0.934730698,0.94116095,0.95112782,0.939088983,0.944954128,0.938747976,0.946409432,0.946973755,0.949500405,0.934452019,0.942714617,0.00562977,18,0.602428181,0.606529502,0.594295302,0.601628775,0.591154625,0.592775601,0.59874555,0.594485541,0.593918919,0.611320755,0.598728275,0.006285767,39
99,71.20222242,9.03765769,2.240879011,0.939999218,5,200,-1,100,"{'randomforestclassifier__max_features': 5, 'randomforestclassifier__n_estimators': 200, 'randomforestclassifier__n_jobs': -1, 'randomforestclassifier__random_state': 100}",0.630958641,0.629460881,0.631767122,0.627612798,0.63118438,0.618337324,0.629317419,0.627439878,0.613726222,0.621010979,0.626081565,0.005887011,1,0.603922174,0.606856084,0.598363187,0.599752934,0.593885114,0.594811612,0.603767758,0.596664608,0.598208771,0.613804818,0.601003706,0.005817807,9,0.733340264,0.73757988,0.731938576,0.732120711,0.727348124,0.72660971,0.733927831,0.730388109,0.730138975,0.74085587,0.732424805,0.00412365,1,0.935791987,0.944063325,0.953544576,0.938029661,0.946573125,0.940906638,0.948285102,0.947509373,0.95058061,0.93733613,0.944262053,0.005727232,14,0.602905983,0.605209743,0.593912025,0.600338983,0.590572391,0.591819416,0.598612991,0.594222372,0.592692372,0.61247216,0.598275844,0.006656577,42